Rank;Autores;Ano;Título;Palavras-chave;Revista;Número de Citações;DOI;Abstract
1;"Francesco Argento; Thomas Anken; F. Abt; E. Vogelsanger; Achim Walter; Frank Liebisch";2020;Site-specific nitrogen management in winter wheat supported by low-altitude remote sensing and soil data;"Argento  Francesco; Anken  Thomas; Abt  F.; Vogelsanger  E.; Walter  Achim; Liebisch  Frank 2021-04 Creative Commons Attribution 4.0 International Nitrogen management; Winter wheat; UAV; Variable rate application";Precision Agriculture;150;10.1007/s11119-020-09733-3;Site-specific nitrogen (N) management in precision agriculture is used to improve nitrogen use efficiency (NUE) at the field scale. The objective of this study has been (i) to better understand the relationship between data derived from an unmanned aerial vehicle (UAV) platform and the crop temporal and spatial variability in small fields of about 2 ha, and (ii) to increase knowledge on how such data can support variable application of N fertilizer in winter wheat (Triticum aestivum). Multi-spectral images acquired with a commercially available UAV platform and soil available mineral N content (Nmin) sampled in the field were used to evaluate the in-field variability of the N-status of the crop. A plot-based field experiment was designed to compare uniform standard rate (ST) to variable rate (VR) N application. Non-fertilized (NF) and N-rich (NR) plots were placed as positive and negative N-status references and were used to calculate various indicators related to NUE. The crop was monitored throughout the season to support three split fertilizations. The data of two growing seasons (2017/2018 and 2018/2019) were used to validate the sensitivity of spectral vegetation indices (SVI) suitable for the sensor used in relation to biomass and N-status traits. Grain yield was mostly in the expected range and inconsistently higher in VR compared to ST. In contrast, N fertilizer application was reduced in the VR treatments between 5 and 40% depending on the field heterogeneity. The study showed that the methods used provided a good base to implement variable rate fertilizer application in small to medium scale agricultural systems. In the majority of the case studies, NUE was improved around 10% by redistributing and reducing the amount of N fertilizer applied. However, the prediction of the N-mineralisation in the soil and related N-uptake by the plants remains to be better understood to further optimize in-season N-fertilization.
2;"Chenglong Zhang; João Valente; Lammert Kooistra; Leifeng Guo; Wensheng Wang";2021;Orchard management with small unmanned aerial vehicles: a survey of sensing and analysis approaches;"Fruit trees; Site-specific management; Precision agriculture; Drone; Sensors";Precision Agriculture;132;10.1007/s11119-021-09813-y;Advances in sensor miniaturization are increasing the global popularity of unmanned aerial vehicle (UAV)-based remote sensing applications in many domains of agriculture. Fruit orchards (the source of the fruit industry chain) require site-specific or even individual-tree-specific management throughout the growing season—from flowering, fruitlet development, ripening, and harvest—to tree dormancy. The recent increase in research on deploying UAV in orchard management has yielded new insights but challenges relating to determining the optimal approach (e.g., image-processing methods) are hampering widespread adoption, largely because there is no standard workflow for the application of UAVs in orchard management. This paper provides a comprehensive literature review focused on UAV-based orchard management: the survey includes achievements to date and shortcomings to be addressed. Sensing system architecture focusing on UAVs and sensors is summarized. Then up-to-date applications supported by UAVs in orchard management are described, focusing on the diversity of data-processing techniques, including monitoring efficiency and accuracy. With the goal of identifying the gaps and examining the opportunities for UAV-based orchard management, this study also discusses the performance of emerging technologies and compare similar research providing technical and comprehensive support for the further exploitation of UAVs and a revolution in orchard management.
3;"Monika Ruwaimana; Behara Satyanarayana; Viviana Otero; Aidy M. Muslim; A Muhammad Syafiq; Sulong Ibrahim; Dries Raymaekers; Nico Koedam; Farid Dahdouh-Guebas";2018;The advantages of using drones over space-borne imagery in the mapping of mangrove forests.;N/D;PloS one;131;10.1371/journal.pone.0200288;Satellite data and aerial photos have proved to be useful in efficient conservation and management of mangrove ecosystems. However, there have been only very few attempts to demonstrate the ability of drone images, and none so far to observe vegetation (species-level) mapping. The present study compares the utility of drone images (DJI-Phantom-2 with SJ4000 RGB and IR cameras, spatial resolution: 5cm) and satellite images (Pleiades-1B, spatial resolution: 50cm) for mangrove mapping—specifically in terms of image quality, efficiency and classification accuracy, at the Setiu Wetland in Malaysia. Both object- and pixel-based classification approaches were tested (QGIS v.2.12.3 with Orfeo Toolbox). The object-based classification (using a manual rule-set algorithm) of drone imagery with dominant land-cover features (i.e. water, land, Avicennia alba, Nypa fruticans, Rhizophora apiculata and Casuarina equisetifolia) provided the highest accuracy (overall accuracy (OA): 94.0±0.5% and specific producer accuracy (SPA): 97.0±9.3%) as compared to the Pleiades imagery (OA: 72.2±2.7% and SPA: 51.9±22.7%). In addition, the pixel-based classification (using a maximum likelihood algorithm) of drone imagery provided better accuracy (OA: 90.0±1.9% and SPA: 87.2±5.1%) compared to the Pleiades (OA: 82.8±3.5% and SPA: 80.4±14.3%). Nevertheless, the drone provided higher temporal resolution images, even on cloudy days, an exceptional benefit when working in a humid tropical climate. In terms of the user-costs, drone costs are much higher, but this becomes advantageous over satellite data for long-term monitoring of a small area. Due to the large data size of the drone imagery, its processing time was about ten times greater than that of the satellite image, and varied according to the various image processing techniques employed (in pixel-based classification, drone >50 hours, Pleiades <5 hours), constituting the main disadvantage of UAV remote sensing. However, the mangrove mapping based on the drone aerial photos provided unprecedented results for Setiu, and was proven to be a viable alternative to satellite-based monitoring/management of these ecosystems. The improvements of drone technology will help to make drone use even more competitive in the future.
4;"Esther Grüner; Michael Wachendorf; Thomas Astor";2020;The potential of UAV-borne spectral and textural information for predicting aboveground biomass and N fixation in legume-grass mixtures.;N/D;PloS one;72;10.1371/journal.pone.0234703;Organic farmers, who rely on legumes as an external nitrogen (N) source, need a fast and easy on-the-go measurement technique to determine harvestable biomass and the amount of fixed N (NFix) for numerous farm management decisions. Especially clover- and lucerne-grass mixtures play an important role in the organic crop rotation under temperate European climate conditions. Multispectral sensors mounted on unmanned aerial vehicles (UAVs) are new promising tools for a non-destructive assessment of crop and grassland traits on large and remote areas. One disadvantage of multispectral information and derived vegetations indices is, that both ignore spatial relationships of pixels to each other in the image. This gap can be filled by texture features from a grey level co-occurrence matrix. The aim of this multi-temporal field study was to provide aboveground biomass and NFix estimation models for two legume-grass mixtures through a whole vegetation period based on UAV multispectral information. The prediction models covered different proportions of legumes (0-100% legumes) to represent the variable conditions in practical farming. Furthermore, the study compared prediction models with and without the inclusion of texture features. As multispectral data usually suffers from multicollinearity, two machine learning algorithms, Partial Least Square and Random Forest (RF) regression, were used. The results showed, that biomass prediction accuracy for the whole dataset as well as for crop-specific models were substantially improved by the inclusion of texture features. The best model was generated for the whole dataset by RF with an rRMSE of 10%. For NFix prediction accuracy of the best model was based on RF including texture (rRMSEP = 18%), which was not consistent with crop specific models.
5;"Derek G. Groenendyk; Ty P. A. Ferré; Kelly R. Thorp; Amy K. Rice";2015;Hydrologic-Process-Based Soil Texture Classifications for Improved Visualization of Landscape Function;N/D;PloS one;95;10.1371/journal.pone.0131299;Soils lie at the interface between the atmosphere and the subsurface and are a key component that control ecosystem services, food production, and many other processes at the Earth’s surface. There is a long-established convention for identifying and mapping soils by texture. These readily available, georeferenced soil maps and databases are used widely in environmental sciences. Here, we show that these traditional soil classifications can be inappropriate, contributing to bias and uncertainty in applications from slope stability to water resource management. We suggest a new approach to soil classification, with a detailed example from the science of hydrology. Hydrologic simulations based on common meteorological conditions were performed using HYDRUS-1D, spanning textures identified by the United States Department of Agriculture soil texture triangle. We consider these common conditions to be: drainage from saturation, infiltration onto a drained soil, and combined infiltration and drainage events. Using a k-means clustering algorithm, we created soil classifications based on the modeled hydrologic responses of these soils. The hydrologic-process-based classifications were compared to those based on soil texture and a single hydraulic property, Ks. Differences in classifications based on hydrologic response versus soil texture demonstrate that traditional soil texture classification is a poor predictor of hydrologic response. We then developed a QGIS plugin to construct soil maps combining a classification with georeferenced soil data from the Natural Resource Conservation Service. The spatial patterns of hydrologic response were more immediately informative, much simpler, and less ambiguous, for use in applications ranging from trafficability to irrigation management to flood control. The ease with which hydrologic-process-based classifications can be made, along with the improved quantitative predictions of soil responses and visualization of landscape function, suggest that hydrologic-process-based classifications should be incorporated into environmental process models and can be used to define application-specific maps of hydrologic function.
6;"Fasika Alemayehu; Motuma Tolera; Gizaw Tesfaye";2019;Land use land cover change trend and its drivers in Somodo watershed South Western, Ethiopia.;"Drivers; geographic information system (GIS); Land use/Land cover Change prediction; Somodo Watershed";African Journal of Agricultural Research;79;10.5897/ajar2018.13672;"Land use land cover (LULC) dynamics are a widespread, accelerating, and significant process driven by human actions. LULC changes analysis is one of the most precise techniques to understand how land was used in the past, what types of changes are to be expected in the future, as well as the forces and processes behind the changes. This study was carried out to evaluate the historical and future trends as well as driving forces of LULC changes in Somodo watershed South Western, Ethiopia. It was accompanied using satellite image of Landsat5 TM 1985 and 1995, Landsat7 ETM+ 1999, 2005 and Landsat8 OLI/TIROS 2017. In addition, field observations, Key informant interview (KII) and Focus Group Discussion (FGD) were also conducted. ERDAS Imagine 9.1, QGIS 2.18 and IDRSI Selva 17.00, software were used for satellite image processing, map preparation, and LULC change prediction respectively. During the 32 year period between 1985 and 2017, the proportion of area covered by forest and agriculture was decreased by 60.57 ha (12.7%) and 5.22 ha (1.1%) respectively. In contrast, home garden Agroforestry/settlement and grassland were increased by 49.77 ha (7.5%) and 16.02 ha (6.7%) respectively. If the existing rate of LULC change lasts, in 2029 agriculture and forestland are predicted to increase by 91.24 ha and 20.52 ha respectively, while grassland and home garden Agroforestry/settlement are predicted to decrease by 99.97 ha and 11.79 ha respectively. LULC change in the study area is an outcome of several proximate and underlying drivers. The major proximate driving forces of LULC change in the watershed are illegal logging and fuel wood extraction, Expansion of plantation, expansion of settlement, agricultural expansion, and construction of infrastructures. Demographic, Economic, Technological, Institution and policy, and Biophysical factors constitute the major underlying drivers of LULC change in the study area. Population growth is the major underlying cause for LULC change in the study area. Then, Participatory Forest Management through plantation and community nursery expansion is required for forest cover improvement in the watershed. This study also suggests further study on the impact of LULC change in the area.; ; 	Key words: Drivers, geographic information system (GIS), Land use/Land cover Change prediction, Somodo Watershed."
7;"R. González Perea; Andre Daccache; J.A. Rodríguez Díaz; E. Camacho Poyato; Jerry W. Knox";2017;Modelling impacts of precision irrigation on crop yield and in-field water management;"AquaCrop; Variable rate irrigation; Onion; Sprinklers; Water resources";Precision Agriculture;83;10.1007/s11119-017-9535-4;Precision irrigation technologies are being widely promoted to resolve challenges regarding improving crop productivity under conditions of increasing water scarcity. In this paper, the development of an integrated modelling approach involving the coupling of a water application model with a biophysical crop simulation model (Aquacrop) to evaluate the in-field impacts of precision irrigation on crop yield and soil water management is described. The approach allows for a comparison between conventional irrigation management practices against a range of alternate so-called ‘precision irrigation’ strategies (including variable rate irrigation, VRI). It also provides a valuable framework to evaluate the agronomic (yield), water resource (irrigation use and water efficiency), energy (consumption, costs, footprint) and environmental (nitrate leaching, drainage) impacts under contrasting irrigation management scenarios. The approach offers scope for including feedback loops to help define appropriate irrigation management zones and refine application depths accordingly for scheduling irrigation. The methodology was applied to a case study in eastern England to demonstrate the utility of the framework and the impacts of precision irrigation in a humid climate on a high-value field crop (onions). For the case study, the simulations showed how VRI is a potentially useful approach for irrigation management even in a humid environment to save water and reduce deep percolation losses (drainage). It also helped to increase crop yield due to improved control of soil water in the root zone, especially during a dry season.
8;"M Isabel Ramos; Juan J Cubillas; Ruth M Córdoba; Lidia M Ortega";2025;Improving early prediction of crop yield in Spanish olive groves using satellite imagery and machine learning.;N/D;PloS one;18;10.1371/journal.pone.0311530;"In the production sector, the usefulness of predictive systems as a tool for management and decision-making is well known. In the agricultural sector, a correct economic balance of the farm depends on making the right decisions. For this purpose, having information in advance on crop yields is an extraordinary help. Numerous predictive models infer accurate crop yield data from aerobiological variables and pollen analysis; this is around spring, in the middle stage of the crop year, when planning and investments are already done. The aim of this study is to anticipate accurate crop yield data at an early stage of the cropping season. In the case of olive groves in Spain, this period is in February. This work is developed for an entire province, Jaen, belonging to the region of Andalusia, in Southern Spain. The methodology uses Machine Learning algorithms together with an exhaustive analysis of predictor variables. Temporal data come from public web services, such as spatial data infrastructures of some state agencies. The processing of the satellite imagery is carried out by the geospatial processing service Google Earth Engine. The result is the early prediction of kilograms of both olive crop and olive oil, eight months prior to the beginning of the first harvesting campaigns of the year, with an average absolute error of prediction better than 26%. The relevance of this work is the early availability of predicted crop yield data together with the multi-scale applicability of the predictive models. This makes this model a useful tool for all the agents involved in olive grove management. From farmers, to agricultural technicians, researchers and scientists dedicated to the study of the olive tree, to governmental institutions and agricultural associations that provide technical support, advice and regulation to ensure responsible practices and the long-term viability of the olive industry."
9;"Jakob Geipel; Anne Kjersti Bakken; Marit Jørgensen; Audun Korsaeth";2021;Forage yield and quality estimation by means of UAV and hyperspectral imaging;"UAV; Hyperspectral imaging; Multivariate statistics; Forage; Yield; Quality";Precision Agriculture;58;10.1007/s11119-021-09790-2;This study investigated the potential of in-season airborne hyperspectral imaging for the calibration of robust forage yield and quality estimation models. An unmanned aerial vehicle (UAV) and a hyperspectral imager were used to capture canopy reflections of a grass-legume mixture in the range of 450 nm to 800 nm. Measurements were performed over two years at two locations in Southeast and Central Norway. All images were subject to radiometric and geometric corrections before being processed to ortho-images, carrying canopy reflectance information. The data (n = 707) was split in two, using half the data for model calibration and the remaining half for validation. Several powered partial least squares regression (PPLSR) models were fitted to the reflectance data to estimate fresh (FM) and dry matter (DM) yields, as well as crude protein (CP), dry matter digestibility (DMD), neutral detergent fibre (NDF), and indigestible neutral detergent fibre (iNDF) content. Prediction performance of these models was compared with the prediction performance of simple linear regression (SLR) models, which were based on selected vegetation indices and plant height. The highest prediction accuracies for general models, based on the pooled data, were achieved by means of PPLSR, with relative root-mean-square errors of validation of 14.2% (2550 kg FM ha−1), 15.2% (555 kg DM ha−1), 11.7% (1.32 g CP 100 g−1 DM), 2.4% (1.71 g DMD 100 g−1 DM), 4.8% (2.72 g NDF 100 g−1 DM), and 12.8% (1.32 g iNDF 100 g−1 DM) for the prediction of FM, DM, CP, DMD, NDF, and iNDF content, respectively. None of the tested SLR models achieved acceptable prediction accuracies.
10;"Luana Mendes dos Santos; Gabriel Araújo e Silva Ferraz; Brenon Diennevan Souza Barbosa; Adriano Valentim Diotto; Diogo Tubertini Maciel; Letícia Aparecida Gonçalves Xavier";2020;Biophysical parameters of coffee crop estimated by UAV RGB images;N/D;Precision Agriculture;39;10.1007/s11119-020-09716-4;The advance of digital agriculture combined with computational tools and Unmanned Aerial Vehicles (UAVs) has enabled the collection of data for reliably extracting vegetation indices and biophysical parameters derived from the Structure from Motion (SfM) algorithm. This work aimed to evaluate the accuracy of the photogrammetry technique using an SfM point cloud for the estimation of the height (h) and crown diameter (d) of coffee trees from aerial images obtained by UAV with an RGB (Red, Green, Blue) camera and compared the results with data measured in situ for 12 months. The experiment was carried out in a coffee plantation, Lavras, Minas Gerais, Brazil. A rotary-wing UAV was used in autonomous flight mode and coupled to a conventional camera, flying at a height of 30 m with an image overlap of 80% and a speed of 3 m/s. The images were processed using PhotoScan software, and the analyses were performed in Qgis. A correlation of 87% was obtained between the h values in the field and h values obtained by the UAV, and there was a 95% correlation between the d values obtained in the field and the values obtained by the UAV. It was possible to obtain significant estimates of the attributes, such as the h and d of coffee trees, using UAV–SfM images acquired with an RGB digital camera.
11;"Maysoon A A Osman; Elfatih M Abdel-Rahman; Joshua Orungo Onono; Lydia A Olaka; Muna M Elhag; Marian Adan; Henri E Z Tonnang";2023;Mapping, intensities and future prediction of land use/land cover dynamics using google earth engine and CA- artificial neural network model.;N/D;PloS one;37;10.1371/journal.pone.0288694;Mapping of land use/ land cover (LULC) dynamics has gained significant attention in the past decades. This is due to the role played by LULC change in assessing climate, various ecosystem functions, natural resource activities and livelihoods in general. In Gedaref landscape of Eastern Sudan, there is limited or no knowledge of LULC structure and size, degree of change, transition, intensity and future outlook. Therefore, the aims of the current study were to (1) evaluate LULC changes in the Gedaref state, Sudan for the past thirty years (1988-2018) using Landsat imageries and the random forest classifier, (2) determine the underlying dynamics that caused the changes in the landscape structure using intensity analysis, and (3) predict future LULC outlook for the years 2028 and 2048 using cellular automata-artificial neural network (CA-ANN). The results exhibited drastic LULC dynamics driven mainly by cropland and settlement expansions, which increased by 13.92% and 319.61%, respectively, between 1988 and 2018. In contrast, forest and grassland declined by 56.47% and 56.23%, respectively. Moreover, the study shows that the gains in cropland coverage in Gedaref state over the studied period were at the expense of grassland and forest acreage, whereas the gains in settlements partially targeted cropland. Future LULC predictions showed a slight increase in cropland area from 89.59% to 90.43% and a considerable decrease in forest area (0.47% to 0.41%) between 2018 and 2048. Our findings provide reliable information on LULC patterns in Gedaref region that could be used for designing land use and environmental conservation frameworks for monitoring crop produce and grassland condition. In addition, the result could help in managing other natural resources and mitigating landscape fragmentation and degradation.
12;"Vinay Kumar; Ashwini Zadokar; Pankaj Kumar; Rohit Sharma; Rajnish Sharma; Mohammed Wasim Siddiqui; Mohammad Irfan; Rahul Chandora";2025;Advancing medicinal plant agriculture: integrating technology and precision agriculture for sustainability.;"Geographic information systems; Global positioning system; Medicinal plants; Precision agriculture; Sensor technology; Sustainability; Variable rate technology";PeerJ;10;10.7717/peerj.19058;To strengthen the agriculture sector, it is crucial to combine the efforts of industrialization (field mechanization and fertilizer production), technology (genome editing and manipulation), and the information sector (for the application of current technologies in precision agriculture). The challenge of modern sustainable agriculture is increasing agricultural output while using the least amount of resources and capital expenditure possible and considering the variables contributing to environmental damage. Different environmental factors adversely affect medicinal plant populations, leading to the extinction of these valuable medicinal species. These difficulties drew the attention of the international scientific community to farm sustainability and energy efficiency studies that put forth the idea of precision agriculture (site-specific crop management) in medicinal plants. It is a systems-based method that monitors and responds to changes in intra- and inter-field conditions for environmentally friendly and optimum crop output. Farming systems have significantly benefited from the visualization and morphological analysis of agricultural areas (both open fields and greenhouse experiments) using remote sensing technology, geographic information systems (GIS), crop scouting, variable rate technology (VRT), and Global Positioning System (GPS). These technologies form the backbone of the fourth agricultural technological revolution, Agriculture 4.0. This review concisely summarizes these innovative technologies' current use and potential future advancements in medicinal plants. The review is intended for researchers, professionals in medicinal plant cultivation, herbal medicine research, crop science, and related fields.
13;"Nebojša Nikolić; Pietro Mattivi; Salvatore Eugenio Pappalardo; Massimo De Marchi; Roberta Masin";2025;From detection to action: Creating operational prescription maps for weed management using low-cost UAVs;N/D;Italian Journal of Agronomy;7;10.1016/j.ijagro.2025.100047;Weeds remain one of the leading constraints to sustainable agriculture, prompting widespread herbicide use that poses environmental and economic concerns. Precision agriculture, particularly Unmanned Aerial Vehicle (UAV)-based remote sensing, offers a promising alternative by enabling site-specific weed management. However, despite their cost-effectiveness relative to ground-based systems and their growing technical feasibility, adoption rates in Italy remain below 10%. This limited uptake stems from complex interrelated barriers: fragmented land ownership, generational divides, lack of awareness and trust in emerging technologies. Cultural resistance and perceived technical complexity further hinder integration at the farm level, especially among smallholders. This study investigates the operational potential of low-cost UAVs combined with open-source image classification algorithms to produce prescription maps for targeted herbicide application. Specifically, it aims to assess the feasibility of using commercially available, low-cost drones equipped with standard cameras, together with GIS tools, to reduce herbicide use and improve environmental sustainability. The effectiveness of this approach is evaluated across multiple spatial configurations and weed infestation thresholds, with a view toward broader applicability in Italian and comparable agro-environmental contexts. The experimental site is set on a maize field in NE Italy, the research tested three classification methods—Artificial Neural Networks (ANN), Maximum Likelihood Classifier (MLC), and Object-Based Image Analysis (OBIA)—across varying grid sizes and weed detection thresholds to provide modular prescription maps for different weed management scenarios. Results demonstrate a significant reduction in the treated area compared to conventional blanket spraying, with ANN ranging from 18.92% to 3.75%, MLC from 14.59% to 2.18%, and OBIA from 15.82% to 3.49%, depending on the configuration. This study highlights how commercial low-cost UAVs and open-source GIS tools, when applied through a structured and reproducible workflow, can bridge the gap between innovation and practical application in sustainable agriculture
14;"Ho-Young Ban; Joong-Bae Ahn; Byun-Woo Lee";2019;Assimilating MODIS data-derived minimum input data set and water stress factors into CERES-Maize model improves regional corn yield predictions.;N/D;PloS one;20;10.1371/journal.pone.0211874;Crop growth models and remote sensing are useful tools for predicting crop growth and yield, but each tool has inherent drawbacks when predicting crop growth and yield at a regional scale. To improve the accuracy and precision of regional corn yield predictions, a simple approach for assimilating Moderate Resolution Imaging Spectroradiometer (MODIS) products into a crop growth model was developed, and regional yield prediction performance was evaluated in a major corn-producing state, Illinois, USA. Corn growth and yield were simulated for each grid using the Crop Environment Resource Synthesis (CERES)-Maize model with minimum inputs comprising planting date, fertilizer amount, genetic coefficients, soil, and weather data. Planting date was estimated using a phenology model with a leaf area duration (LAD)-logistic function that describes the seasonal evolution of MODIS-derived leaf area index (LAI). Genetic coefficients of the corn cultivar were determined to be the genetic coefficients of the maturity group [included in Decision Support System for Agrotechnology Transfer (DSSAT) 4.6], which shows the minimum difference between the maximum LAI derived from the LAD-logistic function and that simulated by the CERES-Maize model. In addition, the daily water stress factors were estimated from the ratio between daily leaf area/weight growth rates estimated from the LAD-logistic function and that simulated by the CERES-Maize model under the rain-fed and auto-irrigation conditions. The additional assimilation of MODIS data-derived water stress factors and LAI under the auto-irrigation condition showed the highest prediction accuracy and precision for the yearly corn yield prediction (R2 is 0.78 and the root mean square error is 0.75 t ha-1). The present strategy for assimilating MODIS data into a crop growth model using minimum inputs was successful for predicting regional yields, and it should be examined for spatial portability to diverse agro-climatic and agro-technology regions.
15;"Firdissa Sadeta Tiye; Diriba Korecha; Tariku Mekonnen Gutema; Dessalegn Obsi Gemeda";2025;Modeling land use and land cover dynamics of Bale Mountains National Park using Google Earth Engine and cellular automata-artificial neural network (CA-ANN) model.;N/D;PloS one;13;10.1371/journal.pone.0320428;This research aimed to assess the observed land use and land cover (LULC) changes of Bale Mountains National Park (BMNP) from 1993 to 2023 and its future projections for the years (2033 and 2053). The study utilized multi-date Landsat imagery from 1993, 2003, 2013, and 2023, leveraging Landsat 5 TM, Landsat 7 ETM+, and Landsat 8 OLI-TIRS sensors for LULC classification. Standard image pre-processing techniques were applied, and composite images were created using yearly median values in Google Earth Engine (GEE). In addition to satellite data, both physical and socioeconomic variables were used as input for future LULC modeling. The Random Forest (RF) classification algorithm was used for image classification, while the Cellular Automata Artificial Neural Networks (CA-ANN) model within the Modules for Land Use Change Simulations (MOLUSCE) plugin of QGIS was employed for future LULC projection. The analysis revealed significant LULC changes in BMNP, from 1993 to 2023, primarily due to anthropogenic activities, with further changes anticipated between 2023 and 2053.The results showed a notable increase in woodland and shrubs at the expense of grassland and Erica forest. While woodland and shrubs increased by 87.18% and 36.7%, areas of Erica forest and grassland lost about 25% and 22% of their area, respectively, during this period. The LULC model results also indicated that areas covered by woodland and shrubs are expected to increase by 15.97% and 15.57%, respectively, between 2023 and 2053. Conversely, land areas occupied by cultivated land, Erica forest, grassland, and herbaceous plants are projected to decrease by 28.52%, 3.28%, 19.03%, and 6.55%, respectively. Proximity to roads and urban areas combined with rising temperatures and altered precipitation patterns emerged as critical factors influencing land use conversion patterns in BMNP. These findings underscore the complex interplay between environmental factors and human activities in shaping land cover dynamics. Hence, promoting sustainable land management practices among the park administration and local community as well as enhancing habitat protection efforts are recommended. Additionally, integrating advanced remote sensing technologies with ground truthing efforts will be essential for accurate assessments of LULC dynamics in this critical area of biodiversity.
16;"Chunhwa Jang; Nictor Namoi; Eric Wolske; Daniel Wasonga; Gevan Behnke; N Dennis Bowman; D K Lee";2024;Integrating plant morphological traits with remote-sensed multispectral imageries for accurate corn grain yield prediction.;N/D;PloS one;10;10.1371/journal.pone.0297027;Sustainable crop production requires adequate and efficient management practices to reduce the negative environmental impacts of excessive nitrogen (N) fertilization. Remote sensing has gained traction as a low-cost and time-efficient tool for monitoring and managing cropping systems. In this study, vegetation indices (VIs) obtained from an unmanned aerial vehicle (UAV) were used to detect corn (Zea mays L.) response to varying N rates (ranging from 0 to 208 kg N ha-1) and fertilizer application methods (liquid urea ammonium nitrate (UAN), urea side-dressing and slow-release fertilizer). Four VIs were evaluated at three different growth stages of corn (V6, R3, and physiological maturity) along with morphological traits including plant height and leaf chlorophyll content (SPAD) to determine their predictive capability for corn yield. Our results show no differences in grain yield (average 13.2 Mg ha-1) between furrow-applied slow-release fertilizer at ≥156 kg N ha-1 and 208 kg N ha-1 side-dressed urea. Early season remote-sensed VIs and morphological data collected at V6 were least effective for grain yield prediction. Moreover, multivariate grain yield prediction was more accurate than univariate. Late-season measurements at the R3 and mature growth stages using a combination of normalized difference vegetation index (NDVI) and green normalized difference vegetation index (GNDVI) in a multilinear regression model showed effective prediction for corn yield. Additionally, a combination of NDVI and normalized difference red edge index (NDRE) in a multi-exponential regression model also demonstrated good prediction capabilities.
17;"Taiara Souza Costa; Roberto Filgueiras; Robson Argolo Dos Santos; Fernando França da Cunha";2023;Actual evapotranspiration by machine learning and remote sensing without the thermal spectrum.;N/D;PloS one;16;10.1371/journal.pone.0285535;The objectives of this study were to use machine learning algorithms to establish a model for estimating the evapotranspiration fraction (ETf) using two data input scenarios from the spectral information of the Sentinel-2 constellation, and to analyze the temporal and spatial applicability of the models to estimate the actual evapotranspiration (ETr) in agricultural crops irrigated by center pivots. The spectral bands of Sentinel 2A and 2B satellite and vegetation indices formed the first scenario. The second scenario was formed by performing the normalized ratio procedure between bands (NRPB) and joining the variables applied in the first scenario. The models were generated to predict the ETf using six regression algorithms and then compared with ETf calculated by the Simple Algorithm For Evapotranspiration Retrieving (SAFER) algorithm, was considered as the standard. The results possible to select the best model, which in both scenarios was Cubist. Subsequently, ETf was estimated only for the center pivots present in the study area and the classification of land use and cover was accessed through the MapBiomas product. Land use was necessary to enable the calculation of ETr in each scenario, in the center pivots with sugarcane and soybean crops. ETr was estimated using two ETo approaches (EToBrazil and Hargreaves-Samani). It was found that the Hargreaves-Samani equation overestimated ETr with higher errors mainly for center pivots with sugarcane, where systematic error (MBE) ranged from 0.89 to 2.02 mm d-1. The EToBrazil product, on the other hand, presented statistical errors with MBE values ranging from 0.00 to 1.26 mm d-1 for both agricultural crops. Based on the results obtained, it is observed that the ETr can be monitored spatially and temporally without the use of the thermal band, which causes the estimation of this parameter to be performed with greater temporal frequency.
18;"Júnior Melo Damian; Osmar Henrique de Castro Pias; Antônio Luis Santi; Nicola Di Virgilio; Juliano Berghetti; Lorenzo Barbanti; Roberta Martelli";2016;Delineating management zones for precision agriculture applications: a case study on wheat in sub-tropical Brazil;"Grain yield; management zones; precision agriculture; soil properties; spatial variability; wheat";Italian Journal of Agronomy;9;10.4081/ija.2016.713;"In sub-tropical Brazil, the wheat ( Triticum aestivum L.) crop requires identification of pending constraints as premise for grain yield (GY) increases. In this light, spatial variation of soil properties and their relationship with GY were investigated in a case study, where the delineation of homogeneous zones could lead to site-specific management in view of crop improvement. In 2012, twelve chemical and physical soil attributes, GY and the three yield components (spikes per square meters, grains per spike, grain weight) were geo-referentially assessed in a 50×50 m grid in a 4.7 ha wheat field. GY exhibited a modest mean (2.61 Mg ha –1 ), associated with a noticeable variation (CV, 17.4%). A multiple stepwise regression of soil carbon (C) and pH explained a high share of GY variation (R 2 , 0.83**). Maps of C, pH and GY obtained through inverse distance weighting showed the spatial trends of the three traits. C and pH clustering delineated three homogeneous zones at respective low, intermediate and high levels of C, pH, and also GY, setting the premise for a differential management of crop inputs. In particular, a significant part (21.8%) of field surface featured very low GY (2.05 Mg ha –1 ); thus substantial yield increase could be envisaged through targeted supply of organic amendments (soil C, 14.1 g dm –3 ), and especially lime (soil pH, 4.92). A larger field portion (54%) showed intermediate GY (2.65 Mg ha –1 ), C (15.3 g dm –3 ) and pH (5.23), deserving a lesser degree of amelioration. The remaining 24.2% of field surface exhibited the highest GY (3.16 Mg ha –1 ), C (17.2 g dm –3 ) and pH (5.46). Based on the difference between GY registered in the low vs. high zone, overcoming soil constraints could be credited with a remarkable (>50%) yield increase, although further years of wheat cropping would be needed to prove the consistency of the two temporally stable soil traits, C and pH, as yield determinants. Nevertheless, this case study addressing a world area that features very different conditions from wheat grown in temperate regions shows good prospects for variable application of crop inputs in the frame of precision agriculture techniques."
19;"Tej Bahadur Shahi; Cheng-Yuan Xu; Arjun Neupane; Dayle Fresser; Dan O'Connor; Graeme Wright; William Guo";2023;A cooperative scheme for late leaf spot estimation in peanut using UAV multispectral images.;N/D;PloS one;14;10.1371/journal.pone.0282486;In Australia, peanuts are mainly grown in Queensland with tropical and subtropical climates. The most common foliar disease that poses a severe threat to quality peanut production is late leaf spot (LLS). Unmanned aerial vehicles (UAVs) have been widely investigated for various plant trait estimations. The existing works on UAV-based remote sensing have achieved promising results for crop disease estimation using a mean or a threshold value to represent the plot-level image data, but these methods might be insufficient to capture the distribution of pixels within a plot. This study proposes two new methods, namely measurement index (MI) and coefficient of variation (CV), for LLS disease estimation on peanuts. We first investigated the relationship between the UAV-based multispectral vegetation indices (VIs) and the LLS disease scores at the late growth stages of peanuts. We then compared the performances of the proposed MI and CV-based methods with the threshold and mean-based methods for LLS disease estimation. The results showed that the MI-based method achieved the highest coefficient of determination and the lowest error for five of the six chosen VIs whereas the CV-based method performed the best for simple ratio (SR) index among the four methods. By considering the strengths and weaknesses of each method, we finally proposed a cooperative scheme based on the MI, the CV and the mean-based methods for automatic disease estimation, demonstrated by applying this scheme to the LLS estimation in peanuts.
20;"Enric Fernández; Gil Gorchs; Lydia Serrano";2019;Use of consumer-grade cameras to assess wheat N status and grain yield.;N/D;PloS one;22;10.1371/journal.pone.0211889;Wheat Grain Yield (GY) and quality are particularly susceptible to nitrogen (N) fertilizer management. However, in rain-fed Mediterranean environments, crop N requirements might be variable due to the effects of water availability on crop growth. Therefore, in-season crop N status assessment is needed in order to apply N fertilizer in a cost-effective way while reducing environmental impacts. Remote sensing techniques might be useful at assessing in-season crop N status. In this study, we evaluated the capacity of vegetation indices formulated using blue (B), green (G), red (R) and near-infrared (NIR) bands obtained with a consumer-grade camera to assess wheat N status. Chlorophyll Content Index (CCI) and fractional intercepted PAR (fIPAR) were measured at three phenological stages and GY and biomass were determined at harvest. Indices formulated using RG bands and the normalized difference vegetation index (NDVI) were significantly correlated with both CCI and fIPAR at the different phenological stage (0.71 0.80, P < 0.01). Finally, RGB indices and NDVI obtained with a consumer-grade camera showed comparable capacity at assessing chlorophyll content and predicting both crop biomass and GY at harvest than those obtained with a spectroradiometer. This study highlights the potential of standard and modified consumer-grade cameras at assessing canopy traits related to crop N status and GY in wheat under Mediterranean conditions.
21;"Dennis Ochola; Bastiaen Boekelo; Gerrie W J van de Ven; Godfrey Taulya; Jerome Kubiriba; Piet J A van Asten; Ken E Giller";2022;Mapping spatial distribution and geographic shifts of East African highland banana (Musa spp.) in Uganda.;N/D;PloS one;21;10.1371/journal.pone.0263439;"East African highland banana (Musa acuminata genome group AAA-EA; hereafter referred to as banana) is critical for Uganda's food supply, hence our aim to map current distribution and to understand changes in banana production areas over the past five decades. We collected banana presence/absence data through an online survey based on high-resolution satellite images and coupled this data with independent covariates as inputs for ensemble machine learning prediction of current banana distribution. We assessed geographic shifts of production areas using spatially explicit differences between the 1958 and 2016 banana distribution maps. The biophysical factors associated with banana spatial distribution and geographic shift were determined using a logistic regression model and classification and regression tree, respectively. Ensemble models were superior (AUC = 0.895; 0.907) compared to their constituent algorithms trained with 12 and 17 covariates, respectively: random forests (AUC = 0.883; 0.901), gradient boosting machines (AUC = 0.878; 0.903), and neural networks (AUC = 0.870; 0.890). The logistic regression model (AUC = 0.879) performance was similar to that for the ensemble model and its constituent algorithms. In 2016, banana cultivation was concentrated in the western (44%) and central (36%) regions, while only a small proportion was in the eastern (18%) and northern (2%) regions. About 60% of increased cultivation since 1958 was in the western region; 50% of decreased cultivation in the eastern region; and 44% of continued cultivation in the central region. Soil organic carbon, soil pH, annual precipitation, slope gradient, bulk density and blue reflectance were associated with increased banana cultivation while precipitation seasonality and mean annual temperature were associated with decreased banana cultivation over the past 50 years. The maps of spatial distribution and geographic shift of banana can support targeting of context-specific intensification options and policy advocacy to avert agriculture driven environmental degradation."
22;"Laura Cristina Moura Xavier; George Deroco Martins; Guilherme Pereira de Oliveira; Murillo Guimarães Carneiro";2025;GEOTrat Points as a free resource in QGIS for mapping the performance of agricultural experiments.;N/D;PloS one;1;10.1371/journal.pone.0332751;Agricultural experimentation requires careful selection of the experimental design and model for analyzing treatment data. However, even with rigorous experimental control, the discrepancies between treatments are so subtle that traditional statistical models fail to highlight statistically significant differences that occur in field practice. The incorporation of geotechnologies offers the ability to map agricultural variability, but a gap still exists in the availability of tools designed to map and evaluate the effectiveness of agricultural experiments. To overcome this limitation and promote the wider application of Geographic Information Systems in agriculture, the scope of this study focuses on the development of a resource in QGIS software, aimed at evaluating agricultural experiments using a randomized block design with up to five treatments. The resource developed incorporates spatial interpolation techniques using geostatistical kriging, map generation, and statistics. The study used yield samples from six different crops to identify quantitative and spatial differences between two-treatment experiments in terms of yield gain. The performance evaluation included statistical measures such as Root Mean Square Error (RMSE) and Pearson's correlation coefficient to validate the accuracy of interpolated surfaces. The results consisted of two surfaces representing the study area treated with each of the treatments, as well as a surface reflecting the yield gain of the reference treatment in relation to the control treatment, accompanied by relevant descriptive statistics measures on this gain surface. The experiments showed that RMSE varied between 4.6% and 69.71%, depending on the crop and treatment, while Pearson's correlation ranged from -0.16 to 0.86, indicating varying degrees of agreement between interpolated and observed data. The tool successfully generated yield gain maps, allowing spatial visualization of treatment differences, with an accuracy of up to 95.40% in detecting spatial and numerical variations between treatments. The tool, called GEOTrat - Points, offers the flexibility to evaluate agricultural experiments of various designs, encompassing different crops and different quantities of samples, providing both numerical and spatial analysis.
23;"Mustafa Serkan Isik; Leandro Parente; Davide Consoli; Lindsey Sloat; Vinicius Vieira Mesquita; Laerte Guimaraes Ferreira; Simone Sabbatini; Radost Stanimirova; Nathalia Monteiro Teles; Nathaniel Robinson; Ciniro Costa Junior; Tomislav Hengl";2025;Light use efficiency (LUE) based bimonthly gross primary productivity (GPP) for global grasslands at 30 m spatial resolution (2000-2022).;"Analysis ready data (ARD); CERES; Earth observation; GPP; Global grassland monitoring; Grassland productivity; Gross primary productivity; Landsat; Light use efficiency; Modis";PeerJ;5;10.7717/peerj.19774;The article describes production of a high spatial resolution (30 m) bimonthly light use efficiency (LUE) based gross primary productivity (GPP) data set representing grasslands for the period 2000 to 2022. The data set is based on using reconstructed global complete consistent bimonthly Landsat archive (400TB of data), combined with 1 km MOD11A1 temperature data and 1° CERES Photosynthetically Active Radiation (PAR). First, the LUE model was implemented by taking the biome-specific productivity factor (maximum LUE parameter) as a global constant, producing a global bimonthly (uncalibrated) productivity data for the complete land mask. Second, the GPP 30 m bimonthly maps were derived for the global grassland annual predictions and calibrating the values based on the maximum LUE factor of 0.86 gCm<sup>-2</sup>d<sup>-1</sup>MJ<sup>-1</sup>. The results of validation of the produced GPP estimates based on 527 eddy covariance flux towers show an R-square between 0.48-0.71 and root mean square error (RMSE) below ~2.3 gCm<sup>-2</sup>d<sup>-1</sup> for all land cover classes. Using a total of 92 flux towers located in grasslands, the validation of the GPP product calibrated for the grassland biome revealed an R-square between 0.51-0.70 and an RMSE smaller than ~2 gCm<sup>-2</sup>d<sup>-1</sup>. The final time-series of maps (uncalibrated and grassland GPP) are available as bimonthly (daily estimates in units of gCm<sup>-2</sup>d<sup>-1</sup>) and annual (daily average accumulated by 365 days in units of gCm<sup>-2</sup>yr<sup>-1</sup>) in Cloud-Optimized GeoTIFF (~23TB in size) as open data (CC-BY license). The recommended uses of data include: trend analysis <i>e.g</i>., to determine where are the largest losses in GPP and which could be an indicator of potential land degradation, crop yield mapping and for modeling GHG fluxes at finer spatial resolution. Produced maps are available <i>via</i> SpatioTemporal Asset Catalog (http://stac.openlandmap.org) and Google Earth Engine.
24;"Robson Argolo dos Santos; Jesiele Silva da Divincula; Karine Rabelo de Oliveira; Luan Peroni Venancio; Marcos Francisco Missio; Roberto Filgueiras; Fernando França da Cunha; Catariny Cabral Aleman";2020;Remote sensing as a tool to determine biophysical parameters of irrigated seed corn crop.;"Biomass. Evapotranspiration. Agricultural Management. Water Productivity. SAFER Ciências Agrárias; Londrina; v. 41; n. 2; p. 435-446; mar./abr. 2020";Semina: Ciências Agrárias;5;10.5433/1679-0359.2020v41n2p435;In recent years, many studies have been conducted combining orbital remote sensing data and crop growth models for vegetation monitoring, evapotranspiration estimation and quantification of biophysical parameters, e.g., NDVI, surface temperature, albedo, and biomass. The aim of the present study was to estimate evapotranspiration (ETr), biomass (BIO), and water productivity (WP) for irrigated seed corn crop using the SAFER algorithm and Landsat 8 satellite images. For this, eight cloud-free images were acquired at different phenological stages over the interest area on the United States Geological Survey website and meteorological data. ETr was estimated by the SAFER algorithm, BIO by the Monteith model, and WP by the BIO/ETr ratio. ETr values ranged from 0 to 6 mm d?1, with the highest values coinciding with the period of high vegetative crop vigor, while the lowest values were found at the sowing season. The highest biomass values were observed from images at 46 and 62 days after sowing (DAS), corresponding to 286 and 289 kg ha?1 d?1, respectively. The highest mean of water productivity was observed at 62 DAS, with 6.9 kg m?3 of water, corresponding to the period of maximum vegetative crop vigor. The application of the SAFER model together with Landsat 8 satellite images was an alternative to identifying the spatial and temporal variation of biophysical parameters of the corn crop. It could assist in the management of water in irrigated agriculture and decision making in large-sized farms.
25;"Beatriz E. Bizzuti; Parker J. Williams; Marta M. Kohmann; Francisco J. Arriaga; Jessica L. Drewry; Dennis Hancock; Brian D. Luck";2026;Characterization and impact of agricultural machinery traffic on alfalfa forage harvested;N/D;Precision Agriculture;0;10.1007/s11119-026-10355-4;"Purpose: Harvest-related agricultural machinery traffic (AMT) can limit alfalfa production and persistence. This study aims to quantify the area affected by harvest AMT and assess its impact on alfalfa forage harvested (FH; i.e., total biomass harvested per area) under different soil preparation systems. Methods: Three experiments were conducted in Wisconsin, USA. In Experiment 1, GPS receivers were installed on all machines used in alfalfa silage harvest on a 650-ha commercial farm. Data were processed in QGIS to calculate the trafficked area, and a controlled traffic operation was simulated. In Experiments 2 (no-till) and 3 (moderate tillage), a 3-year field trial measuring FH was conducted using a randomized complete block design with three replicates. Traffic treatments included: No Traffic; 3- or 5-pass SILAGE (26 h post-harvest); and 3- or 5-pass HAY (72 h post-harvest). Results: GPS tracking showed that 46 ± 3.4% of the field area was traversed by AMT during a season, which decreased to 35 ± 0.6% under simulated controlled traffic. Under no-till, AMT had minimal impact on annual FH, although HAY traffic reduced FH by 7% compared to SILAGE in Year 3. Under moderate tillage, traffic decreased FH by 14% in the establishment year (Year 1), with HAY operations decreasing FH by 24% compared to SILAGE. Across Experiments 2 and 3, increasing the interval between harvest and AMT had a more negative effect on FH than the number of passes, whose effects were less consistent. Conclusion: Implementing controlled traffic and limiting traffic, particularly at longer intervals after harvest, may limit AMT impacts to alfalfa FH. Machinery traversed nearly half of the alfalfa field annually during silage production. Approximately 11% of the alfalfa fields may be covered by road tires annually. Controlled traffic minimizes spatial dispersion of machinery across the field. Agricultural machinery traffic can decrease alfalfa forage harvested by up to 24%. Longer intervals between alfalfa harvest and subsequent machinery traffic are more detrimental to forage harvested. This study combines GPS-based spatial analysis and field experiments to measure and understand the impact of harvest-related machinery traffic on alfalfa production. It aligns with Precision Agriculture by addressing within-field variability using geospatial technology and site-specific management methods, thereby improving system efficiency."
26;"André Freitas Colaço; José Paulo Molin; Joan R. Rosell-Polo; Alexandre Escolà";2018;Spatial variability in commercial orange groves. Part 1: canopy volume and height;"Precision horticulture; Mobile terrestrial laser scanner; LiDAR; Variable rate technology; Orange groves";Precision Agriculture;18;10.1007/s11119-018-9612-3;Characterizing crop spatial variability is crucial for estimating the opportunities for site-specific management practices. In the context of tree crops, ranging sensor technology has been developed to assess tree canopy geometry and control real-time variable rate application of plant protection products and fertilizers. The objective of this study was to characterize the variability of canopy geometry attributes in commercial orange groves in Brazil and therefore estimate the potential impact of sensor-based site-specific management. Using a mobile terrestrial laser scanner, canopy volume and canopy height were measured in 0.25 m length transversal sections along the rows across five large scale commercial orange groves in Sao Paulo, Brazil. The coefficient of variation of canopy volume ranged from 30 to 40%. Canopy height was less variable, but closely related to canopy volume. Histograms of canopy volume and height were usually negatively skewed indicating regions of the groves with smaller plants and punctual plant resets. In scenarios where input application rates followed canopy volume variability, input savings were around 40% compared to constant rates based on the maximum canopy volume. Maps of canopy geometry derived from mobile terrestrial laser scanning revealed significant canopy spatial variability, suggesting that the groves would benefit from strategies based on management zones and other forms of site-specific management.
27;"Araceli Del Carmen Andablo-Reyes; Ana Isabel Moreno-Calles; Beatriz Adriana Cancio-Coyac; Ernesto Gutiérrez-Coatecatl; Alexis Daniela Rivero-Romero; Gerardo Hernández-Cendejas; Alejandro Casas";2023;Agri-silvicultures of Mexican Arid America.;"Arid and semiarid north of Mexico; Biocultural diversity; Geohistory; Nomadic cultures; Traditional agriculture; Traditional agroforestry; Wild and domesticated biodiversity";Journal of ethnobiology and ethnomedicine;11;10.1186/s13002-023-00612-5;"<AbstractText Label=""BACKGROUND"" NlmCategory=""BACKGROUND"">Agri-silvicultures (ASC) are biocultural practices procuring either the maintenance of wild diversity in predominantly agricultural spaces or introducing agrobiodiversity into forests. In the Mesoamerican region, ASC contribute to food sovereignty and territorial conservation and provide strategies for dealing with global changes. Previous inventories of ASC identified gaps in information about these systems in the Mexican Arid America region. This article raises the general question: How have human interactions between cultural, wild, and domesticated biodiversity in this territory? The particular questions in this paper are: (i) How have historical processes shaped human interactions between wild and domesticated biodiversity in the region? and (ii) What types of agri-silvicultures have emerged in Mexican Arid America since these relationships?</AbstractText>;           <AbstractText Label=""METHODS"" NlmCategory=""METHODS"">We trace a methodological border where archaeologists have identified the Mesoamerican region to define our study area as Arid America northern of this line in Mexico. We analyzed agriculturalization processes in Arid America through a historical review. Then, we carry out an inventory of Arid America ASC based on academic papers and other documented experiences. We constructed a spatial database and a typology to understand what kinds of agri-silviculture occur in the region.</AbstractText>;           <AbstractText Label=""RESULTS"" NlmCategory=""RESULTS"">We identified several pre-Hispanic agri-silvicultural practices in the region, like hunting, fishing, terraces, gathering, and irrigation systems. The cultivation of native species of maize, beans, and squash even was registered. The Spanish colonization forced the agriculturization in arid northern Mexico, where itinerant hunting-gathering patterns predominated. In the twentieth century, the Green Revolution adopted this area as the principal setting for industrialized agriculture. The industrialized irrigated systems expansion and other political strategies provoked the simplification of productive landscapes. The practices that integrate wild and agricultural diversity systems were marginalized and invisibilized in such a context. Our research group proposes seven types of agri-silvicultural systems (natives agrisilvicultures, the oases agroforestry, Mesquite and Huisache ASC, homegardens and other traditional forms of agroforestry or agri-silvicultures). These agri-silvicultures provide food, medicine, fodder, and other contributions, as income to the families that practice them and protect native and exotic species.</AbstractText>;           <AbstractText Label=""DISCUSSION AND CONCLUSION"" NlmCategory=""CONCLUSIONS"">The agriculturization of the arid environments initiated during Spanish colonization and the subsequent modernizing projects shaped dominant actors and ideologies in the arid north of Mexico. However, aridity has favored ancestral and agroecological relationships between cultures and biodiversity, emerging and subsisting Arid American agri-silvicultures. These agri-silvicultures deserve to be understood, adopted, and adapted to new contexts. They could be essential alternatives in the context of environmental changes.</AbstractText>;           <CopyrightInformation>© 2023. BioMed Central Ltd., part of Springer Nature.</CopyrightInformation>"
28;"Vipin Kumar; Vijay Singh; Michael L Flessner; Joseph Haymaker; Mark S Reiter; Steven B Mirsky";2023;Cover crop termination options and application of remote sensing for evaluating termination efficiency.;N/D;PloS one;13;10.1371/journal.pone.0284529;Efficient termination of cover crops is an important component of cover crop management. Information on termination efficiency can help in devising management plans but estimating herbicide efficacy is a tedious task and potential remote sensing technologies and vegetative indices (VIs) have not been explored for this purpose. This study was designed to evaluate potential herbicide options for the termination of wheat (Triticum aestivum L.), cereal rye (Secale cereale L.), hairy vetch (Vicia villosa Roth.), and rapeseed (Brassica napus L.), and to correlate different VIs with visible termination efficiency. Nine herbicides and one roller-crimping treatment were applied to each cover crop. Among different herbicides used, glyphosate, glyphosate + glufosinate, paraquat, and paraquat + metribuzin provided more than 95% termination for both wheat and cereal rye 28 days after treatment (DAT). For hairy vetch, 2,4-D + glufosinate and glyphosate + glufosinate, resulted in 99 and 98% termination efficiency, respectively, followed by 2,4-D + glyphosate and paraquat with 92% termination efficiency 28 DAT. No herbicide provided more than 90% termination of rapeseed and highest control was provided by paraquat (86%), 2,4-D + glufosinate (85%), and 2,4-D + glyphosate (85%). Roller-crimping (without herbicide application) did not provide effective termination of any cover crop with 41, 61, 49, and 43% termination for wheat, cereal rye, hairy vetch, and rapeseed, respectively. Among the VIs, Green Leaf Index had the highest Pearson correlation coefficient for wheat (r = -0.786, p = <0.0001) and cereal rye (r = -0.804, p = <0.0001) with visible termination efficiency rating. Whereas for rapeseed, the Normalized Difference Vegetation Index (NDVI) had the highest correlation coefficient (r = -0.655, p = <0.0001). The study highlighted the need for tankmixing 2,4-D or glufosinate with glyphosate for termination instead of blanket application of glyphosate alone for all crops including rapeseed and other broadleaf cover crops.
29;"Saravanakumar R; Rajni Jain; Vaibhav Kumar Singh; Anshu Bharadwaj; Vinay Kumar Sehgal; Ankur Biswas; Alka Arora; Hari Krishna";2026;Hybridizing deep learning algorithms and geostatistical approaches for improved crop yield disaggregation.;N/D;PloS one;1;10.1371/journal.pone.0344081;Reliable crop yield estimates at fine spatial resolution are essential for precision agriculture, food security planning, and insurance schemes. However, yield statistics are reported at coarser administrative levels, limiting their applicability for field-scale analysis. This study proposes a multi-stage hybridized framework that integrates deep learning (DL) models with geostatistical residual kriging to disaggregate village-level crop yield statistics to the pixel level. The proposed methodology is demonstrated using wheat and mustard crops as case study in the semi-arid districts, Haryana, India. The study identifies suitable data combination by evaluating multiple combinations of soil, weather, Sentinel-1, and Sentinel-2 bands data for yield disaggregation. Results show that datasets combining spectral and weather information consistently outperform other data combinations. Validation results showed that the strongest numerical accuracy was observed for machine learning algorithms, e.g., random forest, with an R2 of 0.9949, but it lacks spatial realism. On the other hand, DL models had comparable numerical accuracy and also produced smoother and more realistic spatial transitions but exhibited spatially structured residuals. To mitigate these spatial biases, residual kriging was applied to DL outputs, resulting in RMSE reduction of 35-45% and generating smoother pixel-level maps that preserved fine-scale heterogeneity and aligned with reported village yields. Moran's I analysis confirmed significant residual spatial autocorrelation for DL models, justifying the use of geostatistical correction. Thus, the proposed hybridized framework emerged as best for balancing statistical accuracy with spatially realistic yield disaggregation. This study provides one of the first empirical demonstrations of village-to-pixel yield disaggregation using the identified weather and satellite band data combination.
30;"Carmine Fusaro; Yohanna Sarria-Guzmán; Yosef A Chávez-Romero; Marco Luna-Guido; Ligia Catalina Muñoz-Arenas; Luc Dendooven; Arturo Estrada-Torres; Yendi E. Navarro-Noya";2019;Land use is the main driver of soil organic carbon spatial distribution in a high mountain ecosystem.;"Arable land; Climate change; Deterministic interpolation; Forest soil; Geostatistical interpolation; High altitude temperate forest";PeerJ;19;10.7717/peerj.7897;Background Terrestrial ecosystems play a significant role in carbon (C) storage. Human activities, such as urbanization, infrastructure, and land use change, can reduce significantly the C stored in the soil. The aim of this research was to measure the spatial variability of soil organic C (SOC) in the national park La Malinche (NPLM) in the central highlands of Mexico as an example of highland ecosystems and to determine the impact of land use change on the SOC stocks through deterministic and geostatistical geographic information system (GIS) based methods. Methods The soil was collected from different landscapes, that is, pine, fir, oak and mixed forests, natural grassland, moor and arable land, and organic C content determined. Different GIS-based deterministic (inverse distance weighting, local polynomial interpolation and radial basis function) and geostatistical interpolation techniques (ordinary kriging, cokriging and empirical Bayes kriging) were used to map the SOC stocks and other environmental variables of the top soil layer. Results All interpolation GIS-based methods described the spatial distribution of SOC of the NPLM satisfactorily. The total SOC stock of the NPLM was 2.45 Tg C with 85.3% in the forest (1.26 Tg C in the A horizon and 0.83 Tg C in the O horizon), 11.4% in the arable soil (0.23 Tg in the A horizon and only 0.05 Tg C in the O horizon) and 3.3% in the high moor (0.07 Tg C in the A horizon and <0.01 Tg C in the O horizon). The estimated total SOC stock in a preserved part of the forest in NPLM was 4.98 Tg C in 1938 and has nearly halved since then. Continuing this trend of converting all the remaining forest to arable land will decrease the total SOC stock to 0.52 Tg C. Discussion Different factors explain the large variations in SOC stocks found in this study but the change in land use (conversion of forests into agricultural lands) was the major reason for the reduction of the SOC stocks in the high mountain ecosystem of the NPLM. Large amounts of C, however, could be stored potentially in this ecosystem if the area was used more sustainable. The information derived from this study could be used to recommend strategies to reverse the SOC loss in NPLM and other high-altitude temperate forests and sequester larger quantities of C. This research can serve as a reference for the analysis of SOC distribution in similar mountain ecosystems in central part of Mexico and in other parts of the world.
31;"THATIANE GOMES ANDRADE; ADERSON SOARES DE ANDRADE JUNIOR; MELISSA ODA SOUZA; JOSE WELLINGTON BATISTA LOPES; PAULO FERNANDO DE MELO JORGE VIEIRA";2022;SOYBEAN YIELD PREDICTION USING REMOTE SENSING IN SOUTHWESTERN PIAUÍ STATE, BRAZIL;"NDVI; Crop season forecast; Multiple regression NDVI; Previsão de safra; Regressão múltipla";Revista Caatinga;11;10.1590/1983-21252022v35n111rc;<jats:p>ABSTRACT Recent researches have shown promising results for the use of orbital data using the Normalized Difference Vegetation Index (NDVI) to monitor and predict soybean grain yield. The objective of this work was to evaluate propositions of multiple linear regression models to predict soybean grain yield using NDVI. The research was carried out at the Celeiro Farm, in Monte Alegre do Piauí, PI, Brazil, in an area of 200 ha. Five images were collected during the soybean crop cycle: one from the Landsat 8 and four from the Sentinel 2. Regression analyses were carried out between grain yield data (predicted variable) extracted from harvest maps and spectral data (predictor variables) from NDVI of soybean crops at different developmental stages. The promising models were selected by the Akaike Information Criterion (AIC). The models were validated using Root Mean Square Error (RMSE) and Normalized Root Mean Square Error (nRMSE), considering the mean of soybean yield of the plot. The linear regression models developed with NDVI for the V5-V6 and R2 developmental stages showed promising results for the prediction of soybean grain yield, with mean error of predictions of 153.9 kg ha-1, representing 4.2% when compared to the data from field measures.</jats:p>
32;"Getachew Kebede; Bester Tawona Mudereri; Onisimo Mutanga; Tobias Landmann; John Odindi; Natacha Motisi; Fabrice Pinard; Henri E Z Tonnang; Elfatih M Abdel-Rahman";2026;Mapping Robusta coffee (Coffea canephora) cropping systems in Uganda: A two-step pixel and sub-pixel based approach with Sentinel-2 data.;N/D;PloS one;1;10.1371/journal.pone.0338803;Coffee is a highly valued commodity and a widely consumed beverage, playing an important role in global trade. However, coffee farming landscapes are increasing transitioning into smaller-scale agricultural setups. This transformation highlights the critical need for accurate classification and mapping of coffee cropping systems (CS), especially in countries like Uganda, where dense vegetation and complex terrain present substantial challenges to traditional land survey methods. Moreover, understanding the spatial distribution of Robusta coffee (Coffea canephora) CS is essential for developing site-specific management strategies, guiding extension services, and informing evidence-based policy decisions. To address this gap, the present study aimed to enhance the discrimination and mapping capabilities of Robusta coffee CS at a sub-pixel scale using a two-step classification approach and multi-date Sentinel-2 (S2) data. In the first step, the random forest (RF) classification algorithm was used to map the major land use and land cover (LULC) classes in Google Earth Engine platform. Then, the Robusta coffee cropland class was masked, and a sub-pixel multiple endmember spectral mixture analysis (MESMA) was employed to discriminate Robusta coffee CS using three endmembers (EMs) obtained from in-situ hyperspectral data collected in 2023 from: (i) Robusta coffee with agroforestry, (ii) Robusta coffee with banana, and (iii) Robusta coffee under full sun. The result showed 93.5% overall accuracy for the major LULC and 89.9% for all Robusta coffee CS classes, disentangled as follows: 91.3% accuracy for Robusta coffee with agroforestry, 88.5% for Robusta coffee with banana, and 91.2% for Robusta coffee under full sun. Moreover, the MESMA sub-pixel algorithm demonstrates credible performance in discriminating the Robusta coffee CS within each S2 pixel at the heterogeneous landscape in the study area. The findings of this study can inform site-specific interventions (e.g., pest management, fertilizer application, etc.) tailored to the type of CS.
33;"Pham Quy Giang; Sikandar Ali; Ajab Pham Quy Giang; D Aik; M Ismail; F Muharam; Y Almamalachy; Al-Quraishi Am Moradkhani; R Basse; O Charif; K Bdis; W Bastiaanssen; D Molden; I Makin; S Boonwichai; S Shrestha; M Babel; S Weesakul; A Datta; M Brovelli; F Fahl; M Minghini; M Molinari; D' Urso; I Hegazy; M Kaloop; H Huang; Y Han; J Song; Z Zhang; null Xiao; V Huynh; Chau Vtt; C Huynh; Y Julien; J Sobrino; null Jimnez-Muoz; M Juliev; A Pulatov; S Fuchs; J Hbl; Y Ke; J Im; J Lee; H Gong; Y Ryu; S Lee; T Dang; T Liu; X Yang; K Maitah; L Smutka; J Sahatqija; M Maitah; P Nguyen; S Mansour; Al Belushi; Al-Awadhi T; Q Pham; Vum Rao; Avms Rao; Ggsn Rao; T Satyanarayana; N Manikandan; B Venkateshwarlu; Dong Hung; Thai Binh; null Vietnam; J Spruce; J Bolten; I Mohammed; R Srinivasan; V Lakshmi; X Song; M Hansen; S Stehman; P Potapov; A Tyukavina; E Vermote; J Townshend; E Sothy; S Sokcheng; C Chhun; K Pirom; J Townshend; Justice Co; H Tran; Tran Va; T Le; M Usman; R Liedl; M Shahid; A Abbas";2021;"Assessment of land use change and crop water requirements in Dong Hung district in the Red River Delta of Vietnam using GIS and satellite imageries""";"GIS; Land use change; Land use status map; Landsat; MODIS";Asian Journal of Agriculture and Biology;0;10.35495/ajab.2021.05.214;Monitoring land use changes plays crucial role for the management and use of land in a reasonable and effective manner. As land use change is associated with increasingly dynamic socio-economic activities, tracking land use change becomes more difficult with larger amounts of data to be processed. In this study, the modern technology of GIS and Remote Sensing was applied for the assessment of land use change and crop water requirements in Dong Hung district in the Red River Delta of Vietnam. Databases of land use for 2013 and 2018 comprising 2492 and 3473 land parcels with 32 and 36 land use types, respectively, were built from land use map and land use status report. The databases were then used to construct a database of land use change for the period of 2013-2018, which was finally used for land use change assessment. In addition, Landsat-8 OLI data was used to detect land use change for Summer-Autumn and Winter-Spring seasons of 2013 and 2018. Moreover, MODIS satellite data was also used to estimate the crop water requirements for the rice fields for the mentioned seasons in the district. The study revealed that there was a complicated conversion among land use types, but in general agricultural land decreased by 485.9 ha, while non-agricultural land increased by 493.23 ha mainly with the expansion of residential land and land for infrastructure development. Among agricultural land use types, however, only annual cropland, which mostly includes paddy land was narrowed down by nearly 770ha, meanwhile other agricultural land increased. Crop water requirement was found to change slightly during the study period. Although the changes in land use in the study area imply the progress of urbanization, infrastructure improvement and economic restructuring, since Thai Binh province is the heart of the Red River Delta and critically contributes to the rice production in the region, the decline in paddy land is of great concern that should be taken into account for land management and planning of the province and the district.
34;"Gabriel Mascarenhas Maciel; Rodrigo Bezerra de Araújo Gallis; Ricardo Luís Barbosa; Lucas Medeiros Pereira; Ana Carolina Silva Siquieroli; Joicy Vitória Miranda Peixoto";2020;Image phenotyping of lettuce germplasm with genetically diverse carotenoid levels;"geotechnology; biofortification; Lactuca sativa L.; unmanned aerial vehicle (UAV)";Bragantia;11;10.1590/1678-4499.20190519;ABSTRACT Developing biofortified foods such as lettuce is a frequent goal of breeding programs. One obstacle to the success of these efforts is the high temporal and financial cost of determining leaf constituents. Image phenotyping has been increasingly used in crop breeding, but not in lettuce breeding. Until now, the use of image phenotyping to indirectly select carotenoid-rich lettuce inbred lines has not been reported. Therefore, the goal of this study was to use image phenotyping to select lettuce inbred lines with different carotenoid levels. Twenty-two inbred lettuce lines, resulting from the hybridization of the cultivars Pira 72 and Uberlândia 10000 and six successive selfings were evaluated. ‘Grand Rapids’, ‘UFU-Biofort’ and ‘Uberlândia 10000’ were used as controls. The following variables were evaluated: agronomic potential, apparent genetic diversity and image phenotyping. The data were submitted to the ANOVA F test (p ≤ 0.05) and means compared by the Scott–Knott test (p ≤ 0.05). Genetic divergence was represented by dendrograms constructed by UPGMA and the Tocher optimization method. The relative contribution of characters was assessed to identify the most relevant response variable. The genetic diversity of the evaluated germplasm bank was the greatest regarding soil plant analysis development (SPAD)/carotenoid values. Image phenotyping was successfully used to detect different levels of SPAD/carotenoid levels and could be a useful tool for plant breeding. The results of this study can be used to predict the nutritional values of the carotenoid content in lettuce leaves before commercialization.
35;"Saiful Azim; Jesper Rasmussen; Jon Nielsen; René Gislum; Morten Stigaard Laursen; Svend Christensen";2019;Manual geo-rectification to improve the spatial accuracy of ortho-mosaics based on images from consumer-grade unmanned aerial vehicles (UAVs);N/D;Precision Agriculture;12;10.1007/s11119-019-09647-9;The global spatial accuracy of ortho-mosaics based on images from consumer-grade unmanned aerial vehicles (UAVs) is relatively low. The use of ground control points (GCPs) improves the accuracy but it requires RTK-GNSS (global navigation satellite system) measurements in the field. The objective of this study was to evaluate manual geo-rectification after ortho-mosaicking as a cost-effective alternative to GCPs or UAVs equipped with RTK-GNSS. Google Earth images and A-B lines used for tractor auto-steering were used for manual geo-rectification with a free geographic information system (GIS) and remote-sensing (RS) software (QGIS). Two different photogrammetry software (Agisoft Photoscan and Pix4DMapper) were used for ortho-mosaicking. Images were captured in three fields at two altitudes (40 and 80 m) with a multi-rotor camera drone equipped with a GNSS without ground reference (Phantom 4). The results showed that flight altitude and photogrammetry software had no impact on the spatial accuracy and that manual geo-rectification significantly improved the spatial accuracy. Root mean squares (RMSEs) for ortho-mosaics without geo-rectification was in the range of 4 to 28 m and the range was 0.6 to 2.5 m and 0.5 to 1.1 m for geo-rectification based on Google Earth images and A-B-lines, respectively. RTK-GNSS tagged UAV images and the use of GCPs gave average RMSEs of less than 0.1 m. It was concluded that manual geo-rectification offers a feasible alternative to GCPs and UAVs with RTK-GNSS when spatial accuracy of about 1 m is acceptable.
36;"Taiara Souza Costa; Robson Argolo dos Santos; Rosângela Leal Santos; Roberto Filgueiras; Fernando França da Cunha; Anderson de Jesus Pereira; Rodrigo Amaro de Salles";2021;Spatio-temporal variability of biophysical parameters of irrigated maize using orbital remote sensing;N/D;Semina: Ciências Agrárias;2;10.5433/1679-0359.2021v42n4p2181;<jats:p>This study proposes to estimate the actual crop evapotranspiration, using the SAFER model, as well as calculate the crop coefficient (Kc) as a function of the normalized difference vegetation index (NDVI) and determine the biomass of an irrigated maize crop using images from the Operational Land Imager (OLI) and Thermal Infrared (TIRS) sensors of the Landsat-8 satellite. Pivots 21 to 26 of a commercial farm located in the municipalities of Bom Jesus da Lapa and Serra do Ramalho, west of Bahia State, Brazil, were selected. Sowing dates for each pivot were arranged as North and South or East and West, with cultivation starting firstly in one of the orientations and subsequently in the other. The relationship between NDVI and the Kc values obtained in the FAO-56 report (KcFAO) revealed a high coefficient of determination (R2 = 0.7921), showing that the variance of KcFAO can be explained by NDVI in the maize crop. Considering the center pivots with different planting dates, the crop evapotranspiration (ETc) pixel values ranged from 0.0 to 6.0 mm d-1 during the phenological cycle. The highest values were found at 199 days of the year (DOY), corresponding to around 100 days after sowing (DAS). The lowest BIO values occur at 135 DOY, at around 20 DAS. There is a relationship between ETc and BIO, where the DOY with the highest BIO are equivalent to the days with the highest ETc values. In addition to this relationship, BIO is strongly influenced by soil water availability.</jats:p>
37;"Daphne Kitsou; Paraskevi Chantzi; Georgios Galanis; Dimitris Gkoutzikostas; Vasilios Roussonikolos; Konstantinos Karyotis; Maria Giortsou; Nikoleta Tiliopoulou; Argiro Papastergiou; Georgios Zalidis";2025;Life cycle assessment of soil carbon dynamics in peach and olive cultivation in Greece: Implementing nature-based solutions.;N/D;PloS one;3;10.1371/journal.pone.0325757;"Carbon sequestration is a natural process that removes carbon dioxide from the atmosphere and stores it in plant biomass, soils, oceans, and geological formations- a very important process for reducing greenhouse gas concentrations, mitigating climate change and improving soil health. This study explores the environmental impact of implementing Nature Based Solutions (NBSs) in peach orchards and olive groves in Greece, using a cradle-to-farm-gate Life Cycle Assessment (LCA) approach. It specifically examines the chemical, physical, and soil conditions necessary for humification and organic carbon accumulation. The objectives are to: (1) assess the effectiveness NBSs in enhancing soil carbon sequestration within different agricultural management practices, (2) quantify the impact of cultivation transitions on soil carbon storage capacity and greenhouse gas (GHG) emissions, (3) integrate soil carbon stock dynamics into LCA methodologies to improve accuracy in carbon footprint assessments, and (4) highlight the importance of soil organic carbon (SOC) pools and soil properties in refining LCA interpretations for sustainable land management. By Implementing NBSs at pilot sites and using the Monitoring, Reporting and Verification system to track GHG emissions and SOC changes in the field, carbon stocks increased: -179.2 kg CO₂ eq in the peach orchard and -186.3 kg CO₂ eq in the olive grove. GHG emissions reduced by 16.4% in peach cultivation and 51.1% per hectare in olive grove. Main emission sources included crop protection and field energy use; in olives, residue management also played a significant role. This study provides empirical evidence on how NBSs can enhance soil carbon sequestration and reduce GHG emissions, contributing to both climate change mitigation and sustainable agricultural management. These findings demonstrate the value of integrating SOC dynamics into LCA for more reliable carbon assessments, offering a more accurate representation of carbon sequestration potential. The study can support policymakers, farmers, and stakeholders in adopting strategies that maximize environmental benefits and promote soil health. More long- term research on the implementation of Nature Based Solutions is required to properly assess their impact across cultivations, soil types and pedoclimatic zones."
38;"Chinedu MBA; Christopher EZEH; Ignatius A. MADU; Chukwudi EMERİBE";2022;Assessment of climate variability and the determinants of rice productivity in Southeastern Nigeria;"Climate variability; Determinants; Rice productivity; Southeastern Nigeria";Yüzüncü Yıl Üniversitesi Tarım Bilimleri Dergisi;4;10.29133/yyutbd.1132709;"<jats:p xml:lang=""en"">The study assessed the variabilities in climate and key factors of rice production in southeastern Nigeria. Trend analysis and spatial interpolation expressed the spatiotemporal variabilities in the climate and rice yield. Copies of the questionnaire were used to assess four hundred and eighty farm households from 12 local government areas. Other analyses included descriptive statistics, logistic regression, and Productivity Index. The farmers’ socioeconomic characteristics show that the majority (62% of them are young males aged between 30-39 years. Over 80% of them were married while about 72% has household sizes between 5-9 persons. A greater proportion (54%) of them generate between N240,000.00 (578 USD) to N480,000.00 (1156 USD) annually. About 96 % have a farming experience above 10 years, while 50% have basic education (primary education). Logistic regression shows that sex (0.02), category of the farmer (0.00), age (0.03) (0.00), educational qualification (0.02) (0.00), membership of cooperative society (0.00), extension workers’ visit (0.03) were the statistically significant determinants of rice productivity in the area. The area experiences significant rising temperatures and declining rainfall. This trend is more obvious in Ebonyi state. Study results acknowledge the necessity of an enabling environment for rice farming through adequate rural infrastructure, improved rice varieties, access to information, and improved government policies, programs, and interventions to accommodate non-ADP rural rice farmers in order to enhance rice production against the unwanted climate changes</jats:p>"
39;#NOME?;2023;Estimation of Single Crop Coefficient and Crop Evapotranspiration Using Remote Sensing for Irrigation Management;"Sentinel 2; Landsat 8; crop coefficient; evapotranspiration; remote sensing";International Journal on Advanced Science, Engineering and Information Technology;1;10.18517/ijaseit.13.2.15531;<jats:p>Indonesia has rainy and dry seasons sequentially from April to October and October to March. In the dry season, water availability in the soil gradually decreases, especially from June to October, when the peak of drought occurs, causing many agricultural lands to be left uncultivated. However, a small portion of agricultural land can still be planted for crops such as maize and groundnut. However, limited water availability causes crop growth to be disrupted because the amount of water absorbed by crop roots is less than the amount of evapotranspiration water. Therefore, an accurate evapotranspiration estimation technique is needed to make the water supply efficient. This study aims to evaluate the reliability of the technique of estimating crop coefficient (Kc) of maize and groundnut and temperature at the research location. A linear relationship between the Normalized Difference Vegetation Index (NDVI) from sentinel two imagery and Kc-FAO was used to estimate Kc. Meanwhile, a linear relationship between LST from Landsat 8 imagery and the results of interpolating temperature data from 4 climatological stations were used to estimate the temperature at the research site. The results of estimation showed that Kc of maize and groundnut were very accurate with the determinant coefficients (R2) respectively 0.8791 and 0.9352. This is similar to the results of the temperature estimation of the research location, showing a very accurate R2 is 0.9073. The results of this study are expected to be used for future research to improve water crop management.</jats:p>
40;"Luan Peroni Venancio; Roberto Filgueiras; Fernando França da Cunha; Francisco Charles dos Santos Silva; Robson Argolo dos Santos; Everardo Chartuni Mantovani";2020;Mapping of corn phenological stages using NDVI from OLI and MODIS sensors;"Vegetation index; Satellite images; Remote sensing; Zea mays L";Semina: Ciências Agrárias;6;10.5433/1679-0359.2020v41n5p1517;Images from MODIS and OLI sensors were used. Corn phenology was evaluated through NDVI. Data were validated by model identity testing. NDVI can help identify problems in corn crops.
41;"Laila Lucia Sousa e Silva; Gabriel Siqueira Tavares Fernandes; Edivania de Araujo Lima; Jessica Rafaelly Almeida Lopes; Arão de Moura Neto; Raiany de Oliveira Silva";2024;Potential impacts of climate change on food crops in the state of Piauí, Brazil;N/D;Revista Ceres;1;10.1590/0034-737x2024710042;ABSTRACT Climate change has made food security vulnerable. Therefore, it is important to have discussions on the subject and take actions that minimize the environmental impacts on family farming, that will be directly or indirectly affected by climatic events. With this in mind, this study aimed to identify climate changes in the state of Piauí based on climate projections and to verify their possible impacts on the suitability of growing food crops, such as beans, corn, cassava, and cashew. The climate scenarios analyzed were 2011–2040, 2041–2070, and 2071–2100. The observed data on current climate came from the National Institute of Meteorology (INMET), and future climate projections came from the Brazilian Portal of Climate Projections of the National Institute for Space Research (INPE). Based on the climatic data obtained (current and future), the climatological water balance was calculated, using the method proposed by Thorntwaite, with consecutive characterization of the suitability for crops. All maps were generated in QGIS. According to the results, crops that may suffer from water deficit are beans and cashews. The latter, in the RCP 8.5 scenario (2071–2100) shows unsuitability for cultivation throughout the state. The population with the highest rate of social vulnerability is the one that will be most damaged by the events caused by climate change.
42;"A V Silva; C M Silva; J H B Silva; W E Pereira; M B Albuquerque; J C Medeiros; F R R Leal; J F Carvalho; B O T Silva; F Mielezrski";2024;Remote sensing in maize: effect of vegetal biostimulants application in three stages of development.;N/D;Brazilian journal of biology = Revista brasleira de biologia;0;N/D;Maize is a crop of global economic importance and is widely cultivated throughout the Brazilian territory. The use of biostimulants can increase yield and improve crop yield. Unmanned aerial vehicles can be employed in arable areas, allowing their use in an economically way. This study to evaluate the use of biostimulant and the best application timing using photogrammetric indexes in maize, and indicate the most suitable plant index for yield increase through a Pearson's correlation. The DJI Drone coupled with RGB camera was used, and the images were processed through the AgisoftPhotoscan® software to generate the orthomosaic, and the QGIS® software version 3.4.15 with GRASS was used to generate thematic maps with the classification of the indexes of vegetation (NGRDI, EXG, SAVI, TGI, GLI, RI). A matrix of Pearson correlation coefficients between the variables was also created, and the results were analyzed with the R software. In general, the products Pyroligneous Extract (PE) and the hormonal product (HP) were the best for the two seasons studied. However, the HP was the best product to mitigate plant water stress in the dry period. Application at phenological stage V3 showed the lowest growth in the rainy season and in application to the seeds in the dry season. Dose 4 of the pyroligneous extract increased productivity in the rainy season and level 3.4 for the hormone product. Among the indexes evaluated, only the SAVI index showed significant differences between the others and showed significance for productivity in the two periods.
43;"Airton Andrade da Silva; Francisco Charles Dos Santos Silva; Claudinei Martins Guimarães; Ibrahim A Saleh; José Francisco da Crus Neto; Mohamed A El-Tayeb; Mostafa A Abdel-Maksoud; Jorge González Aguilera; Hamada AbdElgawad; Alan Mario Zuffo";2024;Spectral indices with different spatial resolutions in recognizing soybean phenology.;N/D;PloS one;1;10.1371/journal.pone.0305610;"The aim of the present research was to evaluate the efficiency of different vegetation indices (VI) obtained from satellites with varying spatial resolutions in discriminating the phenological stages of soybean crops. The experiment was carried out in a soybean cultivation area irrigated by central pivot, in Balsas, MA, Brazil, where weekly assessments of phenology and leaf area index were carried out. Throughout the crop cycle, spectral data from the study area were collected from sensors, onboard the Sentinel-2 and Amazônia-1 satellites. The images obtained were processed to obtain the VI based on NIR (NDVI, NDWI and SAVI) and RGB (VARI, IV GREEN and GLI), for the different phenological stages of the crop. The efficiency in identifying phenological stages by VI was determined through discriminant analysis and the Algorithm Neural Network-ANN, where the best classifications presented an Apparent Error Rate (APER) equal to zero. The APER for the discriminant analysis varied between 53.4% and 70.4% while, for the ANN, it was between 47.4% and 73.9%, making it not possible to identify which of the two analysis techniques is more appropriate. The study results demonstrated that the difference in sensors spatial resolution is not a determining factor in the correct identification of soybean phenological stages. Although no VI, obtained from the Amazônia-1 and Sentinel-2 sensor systems, was 100% effective in identifying all phenological stages, specific indices can be used to identify some key phenological stages of soybean crops, such as: flowering (R1 and R2); pod development (R4); grain development (R5.1); and plant physiological maturity (R8). Therefore, VI obtained from orbital sensors are effective in identifying soybean phenological stages quickly and cheaply."
44;"Katrin Janik; Bernd Panassiti; Christine Kerschbamer; Johannes Burmeister; Valeria Trivellone";2023;Phylogenetic Triage and Risk Assessment: How to Predict Emerging Phytoplasma Diseases.;"Bavaria; DAMA protocol; archives; aster yellow; bio-inventories; geographic distribution; metabarcoding; phytopathogens; risk evaluation; risk heat map";Biology;6;10.3390/biology12050732;Phytoplasma diseases pose a substantial threat to diverse crops of agricultural importance. Management measures are usually implemented only after the disease has already occurred. Early detection of such phytopathogens, prior to disease outbreak, has rarely been attempted, but would be highly beneficial for phytosanitary risk assessment, disease prevention and mitigation. In this study, we present the implementation of a recently proposed proactive disease management protocol (DAMA: Document, Assess, Monitor, Act) for a group of vector-borne phytopathogens. We used insect samples collected during a recent biomonitoring program in southern Germany to screen for the presence of phytoplasmas. Insects were collected with malaise traps in different agricultural settings. DNA was extracted from these mass trap samples and subjected to PCR-based phytoplasma detection and mitochondrial cytochrome c oxidase subunit I (COI) metabarcoding. Phytoplasma DNA was detected in two out of the 152 insect samples analyzed. Phytoplasma identification was performed using iPhyClassifier based on 16S rRNA gene sequence and the detected phytoplasmas were assigned to '<i>Candidatus</i> Phytoplasma asteris'-related strains. Insect species in the sample were identified by DNA metabarcoding. By using established databases, checklists, and archives, we documented historical associations and records of phytoplasmas and its hosts in the study region. For the assessment in the DAMA protocol, phylogenetic triage was performed in order to determine the risk for tri-trophic interactions (plant-insect-phytoplasma) and associated disease outbreaks in the study region. A phylogenetic heat map constitutes the basis for risk assessment and was used here to identify a minimum number of seven leafhopper species suggested to be monitored by stakeholders in this region. A proactive stance in monitoring changing patterns of association between hosts and pathogens can be a cornerstone in capabilities to prevent future phytoplasma disease outbreaks. To the best of our knowledge, this is the first time that the DAMA protocol has been applied in the field of phytopathology and vector-borne plant diseases.
45;"Mohamed A Abd El-Aziz; Faizah Amer Altihani; Islam M Khater; Sara A El-Shabasy; Emad M Hafez; Wenlong Xu; Youzhi Feng; Alaa El-Dein Omara; Tamer H Khalifa";2026;Impact of integrating zeolite and PGPR on restoring soil health and enhancing crop yields following the leaching process.;"Leaching; Microbial activity; PGPR inoculation; Rice; Saline soils; Soil health; Soil restoration; Sustainable approach; Wheat; Zeolite";PeerJ;1;10.7717/peerj.20810;"Soil leaching is a traditional approach for reclaiming saline soil; however, it often leads to nutrient loss that further weakens soil health. Therefore, this study examines the use of zeolite in combination with plant growth-promoting rhizobacteria (PGPR) as a sustainable approach to restore soil health and enhance rice and wheat yields following soil leaching. The study farm affected by salinity and sodicity is located near Kafr Basat, Dakahlia Governorate, Egypt, during the period from 2023 to 2024. A 10-week sequential leaching process (L1-L5) reduced electrical conductivity (EC) by approximately 45% and exchangeable sodium percentage (ESP) by 42% across the soil profile. However, leaching resulted in declines in soil nutrient contents and microbial activity. Four treatments: control, zeolite (Z), PGPR, and combined zeolite + PGPR (Z+PGPR), were applied using a randomized block design with three replicates. The Z+PGPR treatment significantly improved soil chemical and biological properties, including increases in cation exchange capacity (CEC) (up to 37.21 cmol kg<sup>-1</sup>), nitrogen, phosphorus, and potassium availability, as well as microbial biomass carbon (MBC), which increased from 4.04 to 4.37 mg/g soil. CO<sub>2</sub> respiration increased by 62.3%, indicating enhanced microbial activity. Additionally, EC and ESP were further reduced, and infiltration rate improved to 1.09 cm h<sup>-1</sup> under the Z+PGPR treatment. Correspondingly, rice and wheat yields increased to 11.78 t/ha and 7.44 t/ha, respectively. These results suggest that the combined application of zeolite with PGPR can enhance soil health and crop productivity following soil leaching. Nevertheless, long-term studies, multiple sites and economic assessments are needed to confirm the broader applicability and sustainability of this approach."
46;"Yohannes Ayanu; Christopher Conrad; Anke Jentsch; Thomas Koellner";2015;Unveiling Undercover Cropland Inside Forests Using Landscape Variables: A Supplement to Remote Sensing Image Classification.;N/D;PloS one;3;10.1371/journal.pone.0130079;The worldwide demand for food has been increasing due to the rapidly growing global population, and agricultural lands have increased in extent to produce more food crops. The pattern of cropland varies among different regions depending on the traditional knowledge of farmers and availability of uncultivated land. Satellite images can be used to map cropland in open areas but have limitations for detecting undergrowth inside forests. Classification results are often biased and need to be supplemented with field observations. Undercover cropland inside forests in the Bale Mountains of Ethiopia was assessed using field observed percentage cover of land use/land cover classes, and topographic and location parameters. The most influential factors were identified using Boosted Regression Trees and used to map undercover cropland area. Elevation, slope, easterly aspect, distance to settlements, and distance to national park were found to be the most influential factors determining undercover cropland area. When there is very high demand for growing food crops, constrained under restricted rights for clearing forest, cultivation could take place within forests as an undercover. Further research on the impact of undercover cropland on ecosystem services and challenges in sustainable management is thus essential.
47;"Simone Sterlacchini; Marco Zazzeri; Giacomo Cappellini; Michele Pastormerlo; Alessandro Bonazzi";2016;An Open source GIS-based tool for economic loss estimation due to flood events.;N/D;PeerJ;0;N/D;Two complementary GIS-based functions are designed and implemented to assess the expected degree of loss due to the occurrence of flood events. Each function processes institutional thematic layers and allows decision makers first to quantify the physical and the economic exposure of the elements at risk in a given study region and then to assess the expected degree of economic loss in relation to the flood water depth chosen for the analysis. The functions are implemented using QGIS with GRASS Python API extension and the workflow is exposed as a QGIS plug-in. The GUI is built over QT multi-platform framework and, therefore, the results are consistently integrated into the QGIS system.
48;"Nqobile Motsomane; Rob Slotow; Anathi Magadlela";2025;Soil nutrient concentrations influence micronutrient concentrations in Eragrostis curvula seeds.;N/D;PloS one;2;10.1371/journal.pone.0322214;Food insecurity often results in malnutrition, manifesting as micronutrient deficiencies that disproportionately affect children under five, impairing their cognitive and physical development. While staple crops supply necessary calories and basic nutrients required for life sustenance, they frequently lack essential micronutrients needed for overall health, necessitating alternative food sources to address food insecurity and malnutrition. This study investigated the potential of Eragrostis curvula seeds as a micronutrient-rich addition to existing food systems and used analyses of covariance to evaluate the influence of soil characteristics on seed nutrient concentrations between two grassland sites in South Africa's Gauteng province: Jameson Park and Kaydale. Populations of E. curvula were identified in Jameson Park and Kaydale, Heidelberg, where rhizosphere soils from selected plants and seeds were harvested for nutrient concentration and soil characteristics analysis. Eragrostis curvula seeds were rich in essential micronutrients, including phosphorus (5041.5-5921.7 mg/kg), iron (72.2-145.4 mg/kg), potassium (4490.5-5531.2 mg/kg), zinc (44.9-65.4 mg/kg), copper (8.6-10.2 mg/kg), calcium (2978.4-16339.1 mg/kg), magnesium (2265.7-2538.4 mg/kg), and manganese (130.2-141.8 mg/kg). Significant site-specific variations were observed: seeds from Jameson Park had higher potassium and calcium concentrations, while Kaydale seeds had higher zinc and iron concentrations. Soil analyses revealed no significant differences in phosphorus, nitrogen, zinc, copper, exchange acidity, or total cation concentrations between the sites. However, calcium levels were significantly higher in Jameson Park soils, while Kaydale soils showed higher potassium, magnesium, and manganese concentrations. Soil nutrient concentrations were found to have a significant influence on seed nutrients. These findings emphasise the potential of E. curvula seeds to improve food security and alleviate micronutrient deficiencies, particularly among vulnerable populations such as young children.
49;"Priscila Pereira Coltri; Caio Simplicio Arantes";2026;ClimaPlots: an open-source tool for meteorological series analysis and extreme indices;N/D;Bragantia;0;10.1590/1678-4499.20250223;<jats:p>ABSTRACT Climate data is essential for agriculture, supporting resilience, decision-making and food security under both current conditions and climate change scenarios. It is also essential for research, education, and applied sciences. However, its use is often limited by sparse monitoring networks, time series that are not continuous, platforms that handle immense volumes of data, and technical barriers that require programming and statistical expertise. These challenges are particularly pronounced in developing countries. To address these issues, we have developed ClimaPlots: an open-source QGIS plugin that simplifies the access to, and analysis of, temperature, precipitation, solar radiation, and relative humidity data from NASA’s POWER database. The tool enables users to extract data from any location, generate interactive visualisations, analyse trends and calculate climate extremes. While not a complete solution to all limitations in accessing data, ClimaPlots reduces technical and economic barriers, thus improving the usability of global climate data for agriculture, research, education, and planning in regions where data is scarce. ClimaPlots is freely available in the QGIS repository, promoting open and reproducible science by transforming large datasets into actionable knowledge.</jats:p>
50;"H.S. Cardoso; C.C.S. Silva; J.V. Dantas Filho; F.B. Hurtado";2022;Temporal analysis and evolution of fish farming in Alto Paraíso municipality, RO, Western Amazon, Brazil;N/D;Revista Brasileira de Ciências Agrárias - Brazilian Journal of Agricultural Sciences;0;10.5039/agraria.v17i4a2520;The aimed of the study was to identify the characteristics of fish farms and the progress of the enterprises that practice the activity during the time span of 13 years (2008 to 2021) in Alto Paraíso municipality (RO, Western Amazon), aiming to know the general aspects and verify the number of enterprises, spatialization in the municipality and size. The study was carried out using remote sensing tools, analyzing the occupation in the municipality with fish farming, through the processing of images from the SPOT-5 satellite (for 2008) and CBERS-4A satellite (for 2021), made available by SEDAM and INPE Agencies, respectively. Image processing was performed using the GIS QGis 3.20.2 (Odense) and allowed the creation of image maps of fish farming in the study area. In addition, the vectorization of fish farms was carried out, where the water surface area was analyzed for the composition of heat maps that allowed a geographic analysis of the behavior of patterns. The results obtained shown that in the municipality there are small, medium and large fish farms, the evolution of fish farms in the municipality was in the order of 200% for the number of enterprises and 874% for the amount of water surface.
51;"Gustavo Pereyra Irujo; Paz Bernaldo; Luciano Velázquez; Antoni Pérez; Celeste Molina Favero; Alejandrina Egozcue";2023;Open Science Drone Toolkit: Open source hardware and software for aerial data capture.;N/D;PloS one;3;10.1371/journal.pone.0284184;Despite the increased access to scientific publications and data as a result of open science initiatives, access to scientific tools remains limited. Uncrewed aerial vehicles (UAVs, or drones) can be a powerful tool for research in disciplines such as agriculture and environmental sciences, but their use in research is currently dominated by proprietary, closed source tools. The objective of this work was to collect, curate, organize and test a set of open source tools for aerial data capture for research purposes. The Open Science Drone Toolkit was built through a collaborative and iterative process by more than 100 people in five countries, and comprises an open-hardware autonomous drone and off-the-shelf hardware, open-source software, and guides and protocols that enable the user to perform all the necessary tasks to obtain aerial data. Data obtained with this toolkit over a wheat field was compared to data from satellite imagery and a commercial hand-held sensor, finding a high correlation for both instruments. Our results demonstrate the possibility of capturing research-grade aerial data using affordable, accessible, and customizable open source software and hardware, and using open workflows.
52;"Marc Escribà-Gelonch; Shu Liang; Pieter van Schalkwyk; Ian Fisk; Nguyen Van Duc Long; Volker Hessel";2024;Digital Twins in Agriculture: Orchestration and Applications.;"Digital Twins; Industry 4.0; Internet of Things; agriculture 4.0; precise agriculture; precise agriculture""";Journal of agricultural and food chemistry;0;38709011;Digital Twins have emerged as an outstanding opportunity for precision farming, digitally replicating in real-time the functionalities of objects and plants. A virtual replica of the crop, including key agronomic development aspects such as irrigation, optimal fertilization strategies, and pest management, can support decision-making and a step change in farm management, increasing overall sustainability and direct water, fertilizer, and pesticide savings. In this review, Digital Twin technology is critically reviewed and framed in the context of recent advances in precision agriculture and Agriculture 4.0. The review is organized for each step of agricultural lifecycle, edaphic, phytotechnologic, postharvest, and farm infrastructure, with supporting case studies demonstrating direct benefits for agriculture production and supply chain considering both benefits and limitations of such an approach. Challenges and limitations are disclosed regarding the complexity of managing such an amount of data and a multitude of (often) simultaneous operations and supports.
53;"Mauro De Donatis; Mauro Alberti; Carlo Cesarini; Marco Menichetti; Sara Susini";2016;Open source GIS for geological field mapping: research and teaching experience.;N/D;PeerJ;1;N/D;The journey to digital field mapping in the geosciences academic world is far from ending. When it started some years ago, many geoscientists were skeptical about the use of digital tools in the field. Nowadays, the work done in this decade shows clearly that this will be the way of working in the future. The traditional way of mapping can be incorporated and improved in the digital survey. Many of the previously existing limitations have been overcome. Part of this process is possible thanks to the choice of open source tools.
54;"Atieno Ochieng Anne; Bwire Wasike Chrilukovian; Celina Wambui Caroline; Lwangu Chamwada Herbert; Vera Atieno Jennifer";2025;Estimation of forage biomass in mobile livestock systems using GIS and remote sensing;N/D;African Journal of Agricultural Research;0;10.5897/ajar2025.16888;The availability of quality forages is critical in ruminant systems, but it is influenced by forage type, management, and climatic conditions. This study estimated forage biomass in Usonga and Bunyala North Wards (Siaya and Busia counties) from September to December 2021 and February to April 2022 using Geographical Information Systems (GIS) and remote sensing (RS). GIS mapping determined the vegetative index and forage biomass, which were then used to calculate carrying capacity (CC) and stocking rate. The vegetative index ranged from -0.01 to 0.84, with higher values (-0.34 to 0.84) observed in Usonga. Monthly forage biomass varied from 0.266 (November 2021) to 0.398 t/ha (April 2022), with no significant differences between wards or months. The CC (0.11-0.16 TLU/ha/month) was slightly below the optimal range (0.15-0.20 TLU/ha/month), while the stocking rate was 3.21 TLU/ha/year. This study highlights the potential of GIS and RS for biomass estimation and sustainable forage management. Although biomass, CC, and stocking rate showed no regional or seasonal differences, regular biomass assessment can enhance decision-making on stocking rates and CC, promoting sustainable grazing management. Key words: Satellite imagery, ruminant grazing systems, pastoral systems, QGIS.
55;"Timothée Produit; Jens Ingensand; Gillian Milani";2016;QGIS plugin or web app? Lessons learned in the development of a 3D georeferencer.;N/D;PeerJ;0;N/D;N/D
56;"Marta; Elena Alonso;  Hanlon; Sheila Vincenti; Sabino Armenise; Universidad Rey; Juan Carlos; Juan Crdenas; Tapia Presidente; lvarez Csar; null Mendoza; Javier Herrn Gmez; Abya-Yala Ecuador; Jos Blasco; Tony Viloria; Juan Salgado; Vicerrector De Investigacin; Ernesto Delgado; Angel Torres-Toukoumidis; Jaime Padilla Verdugo; Msc Sheila; Serrano Vincenti; Editora De; L Granja; Msc Jorge; Cueva Estrada; Lorenzo Guerrini; John Calle;  Floralba; Aguilar Gordn;  Betty; Rodas Soto; Editora De Utopa; Mnica Ruiz Vsquez; Del Noti-Ups;  Rocio; Elizabeth Callay; Jorge Altamirano; Snchez Editora; Revista Ctedra; Msc David; Armendriz Gonzlez; Luis Rodas;  Mara; Custodio Villanueva; Jos Montaa; Juan Pablo; Garzn Prado; Adn Guillermo; Ramrez Garca; Jos Vera Rodrguez; Hebandreyna Gonzlez; Miguel Garca; George Prez; Juan Reategui Ordoez; Gustavo Gimenez; Sebastin Gonzalo; Ynez Segovia; Belisario Mancera;  Cordero; Julio Ortega; Antonio Pereira; Menezes Filho; Carlos Pez Prez; Len Escobar;  Rodrguez; Universidad Laica; Eloy Alfaro;  Sacido; Jos Navarrete; Sebastin Ramrez; Jorge Alejandro; Garca Zumalacarregui; Cristian Javier; Patio Vidal; Hctor Vsquez Prez; Leonel Alvarado Huamn; Paco Noriega; Jos Zambrano; Lia Duarte; Catarina Queirs; Ana Cludia; Y Monitoreo De Bosques De Manglar; Con Teledeteccin; E El; Bajo Baud; Choc Mauricio; Alejandro Perea-Ardila; Julian Leal-Villamil; Fernando Oviedo-Barrero; M Leal-Villamil; J Y Oviedo-Barrero; ) Caracterizacin; Mauricio Perea-Ardila; Fernando Oviedo; T Bhatia; William Cartwright; P Chen; C Thanh; null Nguyen; L Duarte; J Espinha; A Teodoro; L Duarte; P Silva; A Teodoro; L Duarte; L Duarte; G Garnero; I Vigna; A Gharbi; S Haddadi; M Hossain; H Meyer; R Leaflet For; C Parker; A May; V Mitchell; E Sukic; D Rani; A Teodoro; L Duarte; B Veenendaal; M Brovelli; S Li; Z Ahmad; G Asner; M Perea-Ardila; J Leal-Villamil; F Oviedo-Barrero; D vila; A Baloloy; A Bannari; J Blanco; C Escobar-Sierra Y; J Carvajal-Quintero; G Chander; B Markham; N Chen; J Chow; R Congalton; L Conti; C Sampaio; M Cunha; C Diniz; A Galeano; B Gao; S Ghosh; C Giri; K Gupta; N Horning; A Huete; M Jia; C Kuenzer; E Mohamed; P Mondal; S Trzaska; A De Sherbinin; I Monirul; B Helena; K Lalit; F Muhsoni; H Omar; M Misman; V Linggok; E Pagkalinawan; M Perea-Ardila; F Oviedo-Barrero Y; J Leal-Villamil; F Prez; J De La Riva; T Pham; U Pimple; A Purwanto; W Asriningrum; F Rebelo-Mochel; F Ponzoni; P Rhyma; J Rouse; J Haas; R Shell; D Deering; M Perea-Ardila; J Leal-Villamil; F Oviedo-Barrero; B Vaghela; L Wang; G Winarso; A Purwanto; Q Xia; Q Xia; X Zhang; Q Tian; X Zhang; Z Zhu; C Woodcock; G Alfaro; T Berger; K Brauman; D Freyberg Y; G Daily; D Buckley; J Isebrands; T Sharik; D Carlyle; A Price; G Carrillo; A Cierjacks; J Cook; M Crdova; G Carrillo; R Clleri; M Crdova; R Crockford; D Richardson; A Domic; G Camilo; J Capriles; K Fleischbein; E Gareca; S Germer; H Elsenbeer; J Moraes; A Gerrits; L Pfister; H Savenije; D Gomez; W Gosling; C Harden; M Hernndez; D Granados Y; A Snchez; S Herzog; G Hoch; C Krner; F Holwerda; F Scatena; L Bruijnzeel; O Jadn; S Jennings; N Brown; D Sheil; M Johnson; J Lehmann; R Keim; A Skaugset; M Weiler; M Kessler; P Lemmon; D Levia; E Frost; D Levia; S Herwitz; D Levia; A Suqui; R Clleri; P Crespo; G Carrillo-Rojas; M Lieberman; D Lieberman Y; R Peralta; P Llorens; F Gallart; H Loescher; J Powers; S Oberbauer; C Macinnis; H Moliov; P Hubert; A Molina; J Montalvo; L Morales; G Moser; D Hertel Y; C Leuschner; S Murakami; N Nadkarni; M Sumera; T Nisbet; J Norman; G Campbell; A Ochoa; P Crespo; R Clleri; A Ochoa; C Oyarzn; R Padrn; A Park; J Cameron; J Pinos; T Pukkala; S Abraham; B Noriega; J Shin; J Anderson; E Beasley; M Bonaccio; D Boucher; C Gagn; F Ct; J Boyle; N Larose; P Brya; C Byrd; A Cadarso; M Das; E Evans; S Dernini; L Donini; T Dur; A Castroviejo; C Dussaillant; V Flaudias; W Freire; M Garca; R Gmez; S Gropper; J Guidi; E Hekler; C Gardner; T Robinson; J Hilger; K Diehl; J Kearney; Y Mrquez; J Enriquez; A Hernndez-Santana; M Martnez; M Mguez; T Miller; L Chandler; M Mouttapa; I Navarro; G Paslakis; G Dimitropoulos; G Katzman; S Racette; J Reed; M Snchez; G Sogari; G Sproesser; T Vanheuvelen; J Vanheuvelen; D Afful; F Aguilar; S Almeraya; S Arzaluz; A Cazorla; I De Los Ros Y; M Salvo; A Cazorla; I De Los Ros Y; J Daz; M Damin; A Espinosa; M Sierra; N Gmez; J Friedmann; B Grel; S Hernndez; C Fernndez; L Baptista; B Lutz; F Herrera; R Manrrubio; H Santoyo; M Maziya; M Mudhara; J Chitja; D Noriega; J Regalado; E Nio; G Lpez; J Regalado-Lpez; N Prez-Ramrez; J Ramrez-Jurez; J Mndez-Espinoza; J Regalado; L Regalado; A Turrent; A Turrent; J Velzquez; A Keywords ; Santilln; O Santiago; E Espinosa; Z Huicab; F Larqu; J Bautista; J Alba; J Bailey; K Bmov; B Mandk; Katy Brner; M Bouchet; G Bastin; J De Granda; S Del Amo; P Domnguez; C Garca; A Roque; M Mndez; A Gillespie; D Bocanegra Y; J Jimenez; R Gngora; A Gonzlez; G Gutirrez; R Dirzo; O Hernndez; S Vergara; A Larqu; M Jacomy; J Laborde; I Corrales; L Lora; A Larqu; T Luna; T Landis; R Dumroese; S Magnitskiy; G Plaza; M Molina; C Orantes; D Pardo; F Verdugo; J Hernndez; A Santilln; O Santiago; E Espinosa; Z Huicab; F Larqu; null Bautista; M Peralta; Prez De La Cruz; S Col; C Peters; E Pardo; S Ramrez; J Rojas; A Rueda; S Sampayo; J Vallejos; D White; C Hood; E Abt; P Lauren; Y Alvarado; R Ferrer; N Florida; J Antoine; E Antolinez; E Arvalo; Florida Rofner; N Ru; H Arvalo; D Argello; F Barraza; F Barraza; I Bravo; C Arboleda; F Martin; J Casteblanco; R Celis; N Florida; A Rengifo; E Chvez; L Cunha; N Engbersen; N Florida; R Florida; M Claudio; B Gmez; P Furcal; J Torres; A Gramlich; A Gramlich; N Gunnar; S He; C Hernndez; C Jimnez; B Kruszewski; O Wiesaw; J Kowalska; J Lanza; Y Lpez; M Cunias; Y Carrasco; A Meter; R Atkinson; B Laliberte; F Mite; M Carrillo; W Durango; J Morales; A Garca; E Mndez; A Oliveira; S Pastor; S Pastor; M Gutierrez; G Prez; C Azcona; J Prieto; M Raju; Y Reyes; D Romero; null Snchez; N Snchez; C Rivero; Y Martnez; null Pav; P Referencias Alayn; G Alleweldt; F Radler; B Alva-Guzmn; L Cerna-Rebaza Y; J Chico-Ruz; A Argelles; B Caballero; C Mrquez; B Rojano; A Espinosa; A Feher; T Pasternak; D Dudits; A Gutierrez-Rosati; B Vega; A Hernndez; H Daz; A Hernndez; A Pineda; H Daz; A Hernndez; A Pineda; H Noriega; A Hernndez; H Izquierdo; L Alcaraz; M Rodrguez-lvarez; C Larson; M Gmez; C Snchez; D Ros; J Meiners; M Schwab; I Szankowski; B Mller; J Sheen; T Murashige; F Skoog; M Orlinska; P Nowaczyk; M Prez; R Rashmi; M Trivedi; A Robledo; G Carrillo; M Rodrguez; K Sanatombi; G Sharma; N Santana; V Shriram; V Kumar; M Shitole; L Sols-Ramos; E Terra; G Referencias Agegnehu; A Argaw; R Arias; T Mader; P Escobar; C Asadu; S Barbero; D Toso; null Cap; H Botello; I Guerrero; F Capra; E Cruz; null Dane; L Daz; J Ortiz; D Rodrguez; C Fernndez; Buen Vivir; R Jagustovi; O Johansen;  Kalmanovitz; E Lpez; D Meadows; J Pinos; M Rayen; D Rojas; J Botero; O Osorio; M Rovaletti; R Ruiz; L Oregui; A Sharma; B Sosa; Y Garca; Adilson Stamberg; null Paz; A Vargas; X Wang; M Arnold; F Osorio; B Dhillon";2021;N/D;N/D;La Granja;0;10.17163/lgr.n34;software gratuito y de cdigo abierto que permite visualizar, editar y analizar datos georreferenciados. Es un software de Sistema de Informacin Geogrfica (SIG) compuesto por herramientas que permiten manipular la informacin geogrfica y crear mapas que ayuden a obtener una mejor comprensin y organizacin de los datos geoespaciales. Desafortunadamente, los mapas que se crean directamente en el software de escritorio GIS no se pueden transferir automticamente a un sitio web. Por lo tanto, esta investigacin tuvo como objetivo comparar las capacidades de publicacin en complementos de QGIS, y crear mapas web. El estudio analiza cuatro plugins de QGIS (QGIS2Web, QGIS Cloud, GIS Cloud Publisher y Mappia Publisher), realizando una comparativa entre ellos, considerando sus ventajas y desventajas, los planes gratuitos y de suscripcin, las herramientas que ofrece cada plugin y otros aspectos genricos. Los cuatro complementos se probaron en un caso de estudio especfico para obtener automticamente los diferentes mapas web. Este estudio podra ayudar a los usuarios a elegir las herramientas
57;"Ahmed Alneami; Abdullah Almuthibi; Merai Alqahtani; Ahmed A Alameen; Shahd Alahmadi; Faisal Alharbi; Safiah Almutairi; Mohamed Alshafaey";2026;Monitoring land degradation by soil salinity using Sentinel-2 satellite data and GIS techniques: A case study of Sabkhat Ghuwaymid, Saudi Arabia.;N/D;PloS one;0;10.1371/journal.pone.0348799;Soil salinity drives land degradation and vegetation loss, posing a significant challenge for agriculture and global efforts to combat desertification. Enhancing land degradation monitoring methodologies is essential and aligns with the mission of the United Nations Convention to Combat Desertification (UNCCD), which aims to promote sustainable land management. In this context, this study aimed to develop soil salinity prediction models (SSPMs) for monitoring land degradation caused by soil salinity using Sentinel-2 (S2) satellite data and geographic information system (GIS) techniques. An area of 17.5 km2 (1750 ha) of Sabkhat Ghuwaymid, located in the Al-Qassim region of Saudi Arabia, was delineated as the study area for developing SSPMs. A total of 118 soil samples were collected using a grid sampling method between February 19 and 22, 2024. The collected samples were analysed for texture, acidity (pH: 6.97-8.61), total dissolved solids (TDS: 4.25-62.60 g L-1), and electrical conductivity (EC: 8.49-125.23 dS m-1) as an indicator of soil salinity. Soil analyses were performed using a hydrometer technique and Ohaus pH and EC meters. A promising model for predicting and mapping soil salinity was developed using S2 satellite imagery in combination with stepwise multiple linear regression (SMLR) analysis. The developed model demonstrated a correlation coefficient (R2) of 0.61 during development and 0.66 during validation, with a P-value < 0.05, and an RMSE of 12%. These results indicate that S2-based SSPMs provide a reliable and cost-effective approach for monitoring soil salinity, thereby supporting sustainable land management in arid environments.